read_id	read_length	best_reference	best_alignment_length	query_coverage	sequence_identity	mapping_quality	second_best_reference	best_minus_second_alignment_score	assignment_status
7_2PJGZM_16	1493	Prevotella_melaninogenica_ref	1458	0.96785	0.96022	60	NA	NA	confident
9_2PJGZM_16	1498	Prevotella_melaninogenica_ref	1453	0.96796	0.97316	60	NA	NA	confident
14_2PJGZM_16	1474	Veillonella_parvula_ref	1449	0.98168	0.99586	60	NA	NA	confident
13_2PJGZM_16	1526	Veillonella_parvula_ref	1482	0.96986	0.99730	60	NA	NA	confident
11_2PJGZM_16	1524	Veillonella_parvula_ref	1489	0.97113	0.96441	60	NA	NA	confident
16_2PJGZM_16	1497	Prevotella_melaninogenica_ref	1452	0.96794	0.99242	60	NA	NA	confident
17_2PJGZM_16	1296	Bacteroides_thetaiotaomicron_ref	1246	0.95756	0.95024	60	NA	NA	confident
22_2PJGZM_16	1260	Veillonella_parvula_ref	1237	0.98095	0.99192	60	NA	NA	confident
19_2PJGZM_16	1497	Prevotella_melaninogenica_ref	1452	0.96794	0.98140	60	NA	NA	confident
23_2PJGZM_16	1513	Veillonella_parvula_ref	1481	0.97885	0.99865	60	NA	NA	confident
21_2PJGZM_16	1495	Prevotella_melaninogenica_ref	1450	0.96789	0.99310	60	NA	NA	confident
25_2PJGZM_16	1490	Prevotella_melaninogenica_ref	1457	0.96779	0.94784	60	NA	NA	confident
30_2PJGZM_16	1488	Prevotella_melaninogenica_ref	1456	0.96774	0.94918	60	NA	NA	confident
29_2PJGZM_16	1495	Prevotella_melaninogenica_ref	1450	0.96789	0.99310	60	NA	NA	confident
34_2PJGZM_16	1492	Bacteroides_thetaiotaomicron_ref	1451	0.96783	0.98001	60	NA	NA	confident
32_2PJGZM_16	1451	Veillonella_parvula_ref	1430	0.98277	0.99091	60	NA	NA	confident
40_2PJGZM_16	1497	Prevotella_melaninogenica_ref	1449	0.96794	0.99379	60	NA	NA	confident
41_2PJGZM_16	1493	Bacteroides_thetaiotaomicron_ref	1449	0.96785	0.95997	60	NA	NA	confident
42_2PJGZM_16	1513	Veillonella_parvula_ref	1484	0.97819	0.98450	60	NA	NA	confident
52_2PJGZM_16	1391	Prevotella_melaninogenica_ref	714	0.50683	0.93697	60	Bacteroides_thetaiotaomicron_ref	86	unassigned
47_2PJGZM_16	1512	Veillonella_parvula_ref	1483	0.97751	0.98719	60	NA	NA	confident
53_2PJGZM_16	1480	Prevotella_melaninogenica_ref	1452	0.97635	0.94904	60	Bacteroides_thetaiotaomicron_ref	532	confident
56_2PJGZM_16	1528	Veillonella_parvula_ref	1482	0.96924	0.99460	60	NA	NA	confident
54_2PJGZM_16	1496	Prevotella_melaninogenica_ref	1448	0.96791	0.99655	60	NA	NA	confident
57_2PJGZM_16	1529	Veillonella_parvula_ref	1483	0.96926	0.99191	60	NA	NA	confident
60_2PJGZM_16	1525	Veillonella_parvula_ref	1482	0.96984	0.99258	60	NA	NA	confident
63_2PJGZM_16	1512	Veillonella_parvula_ref	1480	0.97884	0.99527	60	NA	NA	confident
64_2PJGZM_16	1523	Veillonella_parvula_ref	1480	0.96914	0.99189	60	NA	NA	confident
74_2PJGZM_16	1526	Veillonella_parvula_ref	1480	0.96920	0.99797	60	NA	NA	confident
66_2PJGZM_16	1495	Prevotella_melaninogenica_ref	1448	0.96722	0.98964	60	NA	NA	confident
69_2PJGZM_16	1487	Bacteroides_thetaiotaomicron_ref	1458	0.96772	0.95610	60	NA	NA	confident
59_2PJGZM_16	1494	Bacteroides_thetaiotaomicron_ref	1466	0.96787	0.91883	60	Prevotella_melaninogenica_ref	62	confident
68_2PJGZM_16	1498	Prevotella_melaninogenica_ref	1450	0.96796	0.99655	60	NA	NA	confident
84_2PJGZM_16	1488	Prevotella_melaninogenica_ref	1463	0.96774	0.92344	60	Bacteroides_thetaiotaomicron_ref	188	confident
65_2PJGZM_16	1499	Bacteroides_thetaiotaomicron_ref	1405	0.92462	0.90534	60	NA	NA	confident
81_2PJGZM_16	1514	Veillonella_parvula_ref	1485	0.97886	0.98923	60	NA	NA	confident
77_2PJGZM_16	1484	Fusobacterium_nucleatum_ref	1364	0.91914	0.98827	60	NA	NA	confident
91_2PJGZM_16	1525	Veillonella_parvula_ref	1482	0.96918	0.99055	60	NA	NA	confident
90_2PJGZM_16	1522	Veillonella_parvula_ref	1438	0.93693	0.90682	60	NA	NA	confident
87_2PJGZM_16	1528	Veillonella_parvula_ref	1483	0.96924	0.99056	60	NA	NA	confident
83_2PJGZM_16	1486	Prevotella_melaninogenica_ref	1448	0.97443	0.99586	60	NA	NA	confident
94_2PJGZM_16	1494	Bacteroides_thetaiotaomicron_ref	1447	0.96787	0.99862	60	NA	NA	confident
101_2PJGZM_16	1493	Prevotella_melaninogenica_ref	1447	0.96785	0.99171	60	NA	NA	confident
97_2PJGZM_16	1527	Veillonella_parvula_ref	1481	0.96922	0.99730	60	NA	NA	confident
107_2PJGZM_16	1527	Veillonella_parvula_ref	1480	0.96922	0.99865	60	NA	NA	confident
105_2PJGZM_16	1493	Bacteroides_thetaiotaomicron_ref	1446	0.96785	0.99793	60	NA	NA	confident
113_2PJGZM_16	1465	Bacteroides_thetaiotaomicron_ref	1443	0.98362	0.99307	60	NA	NA	confident
102_2PJGZM_16	1521	Veillonella_parvula_ref	1480	0.96910	0.99392	60	NA	NA	confident
120_2PJGZM_16	1514	Veillonella_parvula_ref	1480	0.97688	0.99459	60	NA	NA	confident
118_2PJGZM_16	1522	Veillonella_parvula_ref	1482	0.96912	0.98583	60	NA	NA	confident
122_2PJGZM_16	1492	Prevotella_melaninogenica_ref	1449	0.96783	0.99034	60	NA	NA	confident
125_2PJGZM_16	1494	Prevotella_melaninogenica_ref	1447	0.96787	0.99447	60	NA	NA	confident
129_2PJGZM_16	1483	Prevotella_melaninogenica_ref	1448	0.97640	0.99862	60	NA	NA	confident
124_2PJGZM_16	1528	Veillonella_parvula_ref	1481	0.96924	0.99865	60	NA	NA	confident
123_2PJGZM_16	1514	Veillonella_parvula_ref	1481	0.97688	0.99055	60	NA	NA	confident
114_2PJGZM_16	1522	Veillonella_parvula_ref	1480	0.96912	0.98919	60	NA	NA	confident
134_2PJGZM_16	1529	Veillonella_parvula_ref	1482	0.96926	0.99460	60	NA	NA	confident
144_2PJGZM_16	1514	Veillonella_parvula_ref	1480	0.97754	0.99730	60	NA	NA	confident
148_2PJGZM_16	1505	Veillonella_parvula_ref	1491	0.95814	0.89202	60	NA	NA	confident
160_2PJGZM_16	1531	Veillonella_parvula_ref	1487	0.96930	0.98722	60	NA	NA	confident
130_2PJGZM_16	1496	Prevotella_melaninogenica_ref	1454	0.96791	0.98281	60	NA	NA	confident
138_2PJGZM_16	1499	Bacteroides_thetaiotaomicron_ref	1464	0.96798	0.93921	60	NA	NA	confident
145_2PJGZM_16	1528	Veillonella_parvula_ref	1481	0.96924	0.99662	60	NA	NA	confident
178_2PJGZM_16	1511	Veillonella_parvula_ref	1432	0.93183	0.90293	60	NA	NA	confident
143_2PJGZM_16	1483	Prevotella_melaninogenica_ref	1449	0.96763	0.98482	60	NA	NA	confident
158_2PJGZM_16	1505	Bacteroides_thetaiotaomicron_ref	1248	0.82525	0.96234	60	NA	NA	confident
139_2PJGZM_16	1493	Prevotella_melaninogenica_ref	1448	0.96785	0.99171	60	NA	NA	confident
137_2PJGZM_16	1562	Veillonella_parvula_ref	1484	0.94430	0.98585	60	NA	NA	confident
186_2PJGZM_16	1527	Veillonella_parvula_ref	1484	0.96922	0.99259	60	NA	NA	confident
149_2PJGZM_16	1496	Prevotella_melaninogenica_ref	1450	0.96791	0.99241	60	NA	NA	confident
195_2PJGZM_16	1495	Prevotella_melaninogenica_ref	1447	0.96789	0.98825	60	NA	NA	confident
150_2PJGZM_16	1517	Veillonella_parvula_ref	1432	0.93672	0.91201	60	NA	NA	confident
156_2PJGZM_16	1502	Bacteroides_thetaiotaomicron_ref	1448	0.96272	0.99378	60	NA	NA	confident
131_2PJGZM_16	1493	Bacteroides_thetaiotaomicron_ref	1446	0.96785	0.99378	60	NA	NA	confident
202_2PJGZM_16	1516	Veillonella_parvula_ref	1432	0.93404	0.90433	60	NA	NA	confident
163_2PJGZM_16	1497	Bacteroides_thetaiotaomicron_ref	1466	0.96794	0.93383	60	NA	NA	confident
141_2PJGZM_16	1592	Veillonella_parvula_ref	855	0.52827	0.91579	55	NA	NA	unassigned
177_2PJGZM_16	1497	Prevotella_melaninogenica_ref	1450	0.96794	0.99448	60	NA	NA	confident
217_2PJGZM_16	1486	Bacteroides_thetaiotaomicron_ref	1447	0.96770	0.99171	60	NA	NA	confident
173_2PJGZM_16	1499	Prevotella_melaninogenica_ref	1461	0.96798	0.97536	60	NA	NA	confident
157_2PJGZM_16	1538	Veillonella_parvula_ref	1492	0.96944	0.98660	60	NA	NA	confident
155_2PJGZM_16	1483	Prevotella_melaninogenica_ref	1463	0.96763	0.91388	60	Bacteroides_thetaiotaomicron_ref	136	confident
182_2PJGZM_16	1495	Prevotella_melaninogenica_ref	1448	0.96856	0.99724	60	NA	NA	confident
187_2PJGZM_16	1212	Prevotella_melaninogenica_ref	612	0.50165	0.98529	60	NA	NA	unassigned
193_2PJGZM_16	1528	Veillonella_parvula_ref	1481	0.96924	0.99190	60	NA	NA	confident
205_2PJGZM_16	1361	Prevotella_melaninogenica_ref	1344	0.98237	0.97024	60	NA	NA	confident
226_2PJGZM_16	1503	Veillonella_parvula_ref	1268	0.84032	0.97082	60	NA	NA	confident
168_2PJGZM_16	1493	Bacteroides_thetaiotaomicron_ref	1446	0.96785	0.99378	60	NA	NA	confident
181_2PJGZM_16	1493	Prevotella_melaninogenica_ref	1447	0.96785	0.99654	60	NA	NA	confident
212_2PJGZM_16	1492	Bacteroides_thetaiotaomicron_ref	1464	0.96783	0.88115	60	Prevotella_melaninogenica_ref	286	confident
215_2PJGZM_16	1539	NA	NA	NA	NA	NA	NA	NA	unassigned
191_2PJGZM_16	1527	Veillonella_parvula_ref	1482	0.96922	0.99393	60	NA	NA	confident
221_2PJGZM_16	1483	Prevotella_melaninogenica_ref	1450	0.97572	0.95724	60	NA	NA	confident
180_2PJGZM_16	1493	Bacteroides_thetaiotaomicron_ref	1459	0.96182	0.93626	60	NA	NA	confident
189_2PJGZM_16	1532	Veillonella_parvula_ref	1485	0.96932	0.99327	60	NA	NA	confident
231_2PJGZM_16	1207	Prevotella_melaninogenica_ref	1186	0.98094	0.99073	60	NA	NA	unassigned
207_2PJGZM_16	1480	Prevotella_melaninogenica_ref	1448	0.97432	0.98481	60	NA	NA	confident
190_2PJGZM_16	1491	Prevotella_melaninogenica_ref	1464	0.96781	0.92555	56	NA	NA	confident
253_2PJGZM_16	1337	Bacteroides_thetaiotaomicron_ref	690	0.51159	0.96957	60	NA	NA	unassigned
241_2PJGZM_16	1529	Veillonella_parvula_ref	1484	0.96926	0.99191	60	NA	NA	confident
240_2PJGZM_16	1515	Veillonella_parvula_ref	1482	0.97492	0.98853	60	NA	NA	confident
244_2PJGZM_16	1518	Veillonella_parvula_ref	1482	0.97628	0.99798	60	NA	NA	confident
275_2PJGZM_16	1495	Prevotella_melaninogenica_ref	1447	0.96789	0.99931	60	NA	NA	confident
268_2PJGZM_16	1494	Veillonella_parvula_ref	1421	0.95114	0.99015	60	NA	NA	confident
289_2PJGZM_16	1494	Prevotella_melaninogenica_ref	1454	0.96787	0.95254	60	NA	NA	confident
281_2PJGZM_16	1526	Veillonella_parvula_ref	1480	0.96920	0.99662	60	NA	NA	confident
279_2PJGZM_16	1496	Prevotella_melaninogenica_ref	1448	0.96791	0.99862	60	NA	NA	confident
239_2PJGZM_16	1492	Bacteroides_thetaiotaomicron_ref	1446	0.96783	0.99585	60	NA	NA	confident
185_2PJGZM_16	1494	Prevotella_melaninogenica_ref	1447	0.96787	0.99931	60	NA	NA	confident
220_2PJGZM_16	1507	Veillonella_parvula_ref	1424	0.92568	0.93048	60	NA	NA	confident
238_2PJGZM_16	1513	Veillonella_parvula_ref	1482	0.97621	0.99123	60	NA	NA	confident
246_2PJGZM_16	1466	Prevotella_melaninogenica_ref	1443	0.98363	0.99861	60	NA	NA	confident
299_2PJGZM_16	1484	Bacteroides_thetaiotaomicron_ref	1446	0.96765	0.98755	60	NA	NA	confident
252_2PJGZM_16	1520	Veillonella_parvula_ref	1485	0.96908	0.98114	60	NA	NA	confident
192_2PJGZM_16	1468	Prevotella_melaninogenica_ref	1447	0.98365	0.99654	60	NA	NA	confident
258_2PJGZM_16	1523	Veillonella_parvula_ref	1481	0.96914	0.99055	60	NA	NA	confident
287_2PJGZM_16	1480	Prevotella_melaninogenica_ref	1447	0.97703	0.99862	60	NA	NA	confident
269_2PJGZM_16	1505	Bacteroides_thetaiotaomicron_ref	1407	0.92492	0.91187	60	NA	NA	confident
277_2PJGZM_16	1491	Prevotella_melaninogenica_ref	1448	0.96915	0.97099	60	NA	NA	confident
321_2PJGZM_16	1252	Bacteroides_thetaiotaomicron_ref	1231	0.98083	0.99188	60	NA	NA	confident
305_2PJGZM_16	1515	Veillonella_parvula_ref	1484	0.97822	0.99191	60	NA	NA	confident
320_2PJGZM_16	1507	Veillonella_parvula_ref	1438	0.93630	0.86996	60	Prevotella_melaninogenica_ref	194	confident
285_2PJGZM_16	1513	Veillonella_parvula_ref	1480	0.97819	0.99865	60	NA	NA	confident
295_2PJGZM_16	1493	Prevotella_melaninogenica_ref	1447	0.96785	0.99793	60	NA	NA	confident
306_2PJGZM_16	1491	Prevotella_melaninogenica_ref	1464	0.96781	0.92350	60	Bacteroides_thetaiotaomicron_ref	140	confident
331_2PJGZM_16	1489	Bacteroides_thetaiotaomicron_ref	1462	0.96776	0.91518	27	Prevotella_melaninogenica_ref	32	confident
339_2PJGZM_16	1516	Veillonella_parvula_ref	1480	0.97559	0.99797	60	NA	NA	confident
308_2PJGZM_16	1473	Bacteroides_thetaiotaomicron_ref	1455	0.97692	0.97045	60	NA	NA	confident
318_2PJGZM_16	1514	Veillonella_parvula_ref	1481	0.97754	0.99797	60	NA	NA	confident
351_2PJGZM_16	1406	Bacteroides_thetaiotaomicron_ref	1388	0.97866	0.94885	60	NA	NA	confident
216_2PJGZM_16	1489	Prevotella_melaninogenica_ref	1397	0.93821	0.99427	60	NA	NA	confident
363_2PJGZM_16	1492	Bacteroides_thetaiotaomicron_ref	1447	0.96783	0.99654	60	NA	NA	confident
329_2PJGZM_16	1494	Prevotella_melaninogenica_ref	1456	0.96787	0.96223	60	NA	NA	confident
382_2PJGZM_16	1532	Veillonella_parvula_ref	1486	0.96932	0.99327	60	NA	NA	confident
398_2PJGZM_16	1493	Bacteroides_thetaiotaomicron_ref	1449	0.96785	0.95928	60	NA	NA	confident
224_2PJGZM_16	1500	Bacteroides_thetaiotaomicron_ref	1453	0.96800	0.99174	60	NA	NA	confident
332_2PJGZM_16	1529	Veillonella_parvula_ref	1484	0.96926	0.98922	60	NA	NA	confident
338_2PJGZM_16	1528	Veillonella_parvula_ref	1482	0.96924	0.99528	60	NA	NA	confident
313_2PJGZM_16	1562	Prevotella_melaninogenica_ref	1449	0.92510	0.99517	60	NA	NA	confident
235_2PJGZM_16	1495	Prevotella_melaninogenica_ref	1447	0.96789	0.99931	60	NA	NA	confident
359_2PJGZM_16	1514	Veillonella_parvula_ref	1426	0.93197	0.90673	60	NA	NA	confident
251_2PJGZM_16	1492	Prevotella_melaninogenica_ref	1451	0.96783	0.98897	60	NA	NA	confident
327_2PJGZM_16	1495	Prevotella_melaninogenica_ref	1448	0.96789	0.99586	60	NA	NA	confident
412_2PJGZM_16	1493	Prevotella_melaninogenica_ref	1448	0.96785	0.99517	60	NA	NA	confident
422_2PJGZM_16	1484	Prevotella_melaninogenica_ref	1463	0.96765	0.91661	60	Bacteroides_thetaiotaomicron_ref	122	confident
433_2PJGZM_16	1491	Prevotella_melaninogenica_ref	1448	0.96781	0.99517	60	NA	NA	confident
356_2PJGZM_16	1232	Prevotella_melaninogenica_ref	1208	0.98052	1.00000	60	NA	NA	confident
353_2PJGZM_16	1527	Veillonella_parvula_ref	1482	0.96922	0.99258	60	NA	NA	confident
367_2PJGZM_16	1499	Prevotella_melaninogenica_ref	1447	0.96398	0.99032	60	NA	NA	confident
337_2PJGZM_16	1781	Prevotella_melaninogenica_ref	1460	0.80853	0.94726	60	NA	NA	confident
387_2PJGZM_16	1525	Prevotella_melaninogenica_ref	1447	0.94623	0.99654	60	NA	NA	confident
361_2PJGZM_16	1211	Prevotella_melaninogenica_ref	586	0.47977	0.92491	60	Bacteroides_thetaiotaomicron_ref	136	unassigned
345_2PJGZM_16	1493	Prevotella_melaninogenica_ref	1447	0.96785	0.99724	60	NA	NA	confident
477_2PJGZM_16	1495	Prevotella_melaninogenica_ref	1447	0.96789	0.99931	60	NA	NA	confident
357_2PJGZM_16	1486	Prevotella_melaninogenica_ref	1456	0.97174	0.94368	60	Bacteroides_thetaiotaomicron_ref	478	confident
365_2PJGZM_16	1502	Veillonella_parvula_ref	1423	0.94740	0.98243	60	NA	NA	confident
504_2PJGZM_16	1530	Veillonella_parvula_ref	1484	0.96928	0.99124	60	NA	NA	confident
364_2PJGZM_16	1513	Veillonella_parvula_ref	1480	0.97819	0.99932	60	NA	NA	confident
406_2PJGZM_16	1513	Bacteroides_thetaiotaomicron_ref	1256	0.82485	0.92118	60	NA	NA	confident
525_2PJGZM_16	1493	Prevotella_melaninogenica_ref	1465	0.96785	0.92287	60	Bacteroides_thetaiotaomicron_ref	204	confident
388_2PJGZM_16	1472	Bacteroides_thetaiotaomicron_ref	1458	0.98234	0.94444	60	NA	NA	confident
399_2PJGZM_16	1497	Prevotella_melaninogenica_ref	1450	0.96794	0.99310	60	NA	NA	confident
409_2PJGZM_16	1223	Prevotella_melaninogenica_ref	712	0.57972	0.97472	60	NA	NA	unassigned
383_2PJGZM_16	1478	Bacteroides_thetaiotaomicron_ref	1449	0.97767	0.99310	60	NA	NA	confident
426_2PJGZM_16	1529	Veillonella_parvula_ref	1487	0.97122	0.98991	60	NA	NA	confident
390_2PJGZM_16	1486	Prevotella_melaninogenica_ref	1448	0.97376	0.99793	60	NA	NA	confident
573_2PJGZM_16	1236	Veillonella_parvula_ref	1214	0.98139	0.99506	60	NA	NA	confident
436_2PJGZM_16	1528	Veillonella_parvula_ref	1481	0.96924	0.99730	60	NA	NA	confident
437_2PJGZM_16	1530	Veillonella_parvula_ref	1484	0.96928	0.99191	60	NA	NA	confident
583_2PJGZM_16	1526	Veillonella_parvula_ref	1480	0.96920	0.99595	60	NA	NA	confident
448_2PJGZM_16	1494	Prevotella_melaninogenica_ref	1447	0.96854	0.99724	60	NA	NA	confident
403_2PJGZM_16	1669	NA	NA	NA	NA	NA	NA	NA	unassigned
283_2PJGZM_16	1495	Prevotella_melaninogenica_ref	1447	0.96789	0.99862	60	NA	NA	confident
455_2PJGZM_16	1482	Prevotella_melaninogenica_ref	1449	0.97638	0.99103	60	NA	NA	confident
362_2PJGZM_16	1496	Bacteroides_thetaiotaomicron_ref	1451	0.96791	0.98966	60	NA	NA	confident
474_2PJGZM_16	1490	Prevotella_melaninogenica_ref	1448	0.96779	0.99240	60	NA	NA	confident
457_2PJGZM_16	1487	Prevotella_melaninogenica_ref	1451	0.96772	0.97381	60	NA	NA	confident
415_2PJGZM_16	1496	Prevotella_melaninogenica_ref	1448	0.96791	0.99655	60	NA	NA	confident
425_2PJGZM_16	1489	Prevotella_melaninogenica_ref	1447	0.97045	0.99447	60	NA	NA	confident
369_2PJGZM_16	1514	Veillonella_parvula_ref	1478	0.97622	0.99729	60	NA	NA	confident
296_2PJGZM_16	1492	Prevotella_melaninogenica_ref	1462	0.96783	0.93160	60	NA	NA	confident
473_2PJGZM_16	1509	Veillonella_parvula_ref	1483	0.97813	0.98921	60	NA	NA	confident
439_2PJGZM_16	1235	Prevotella_melaninogenica_ref	1223	0.98057	0.93622	60	NA	NA	confident
408_2PJGZM_16	1550	Veillonella_parvula_ref	1275	0.81032	0.93569	60	NA	NA	confident
488_2PJGZM_16	1508	Veillonella_parvula_ref	1480	0.97745	0.99257	60	NA	NA	confident
312_2PJGZM_16	1494	Bacteroides_thetaiotaomicron_ref	1449	0.96787	0.98896	60	NA	NA	confident
655_2PJGZM_16	1383	Prevotella_melaninogenica_ref	692	0.49964	0.99711	60	NA	NA	unassigned
445_2PJGZM_16	1486	Prevotella_melaninogenica_ref	1460	0.96770	0.93219	60	NA	NA	confident
423_2PJGZM_16	1219	Veillonella_parvula_ref	618	0.50697	0.99676	60	NA	NA	unassigned
322_2PJGZM_16	1526	Veillonella_parvula_ref	1480	0.96986	0.99730	60	NA	NA	confident
391_2PJGZM_16	1500	Prevotella_melaninogenica_ref	1452	0.96800	0.99518	60	NA	NA	confident
681_2PJGZM_16	1308	Veillonella_parvula_ref	1287	0.98318	0.98679	60	NA	NA	confident
502_2PJGZM_16	1489	Bacteroides_thetaiotaomicron_ref	1461	0.96776	0.93155	60	NA	NA	confident
328_2PJGZM_16	1469	Bacteroides_thetaiotaomicron_ref	1458	0.98366	0.94239	60	NA	NA	confident
512_2PJGZM_16	1529	Veillonella_parvula_ref	1484	0.96926	0.99191	60	NA	NA	confident
417_2PJGZM_16	1492	Prevotella_melaninogenica_ref	1447	0.96783	0.99378	60	NA	NA	confident
434_2PJGZM_16	1495	Prevotella_melaninogenica_ref	1449	0.96789	0.99379	60	NA	NA	confident
529_2PJGZM_16	1498	Prevotella_melaninogenica_ref	1450	0.96662	0.99379	60	NA	NA	confident
709_2PJGZM_16	1515	Veillonella_parvula_ref	1419	0.93135	0.94996	60	NA	NA	confident
465_2PJGZM_16	1481	Prevotella_melaninogenica_ref	1448	0.97637	0.99171	60	NA	NA	confident
544_2PJGZM_16	1503	Prevotella_melaninogenica_ref	1245	0.81371	0.92691	60	NA	NA	confident
335_2PJGZM_16	1523	Veillonella_parvula_ref	1481	0.96980	0.98920	60	NA	NA	confident
509_2PJGZM_16	1533	Prevotella_melaninogenica_ref	769	0.50163	0.99610	60	NA	NA	unassigned
479_2PJGZM_16	1486	Prevotella_melaninogenica_ref	1458	0.96770	0.92661	60	Bacteroides_thetaiotaomicron_ref	302	confident
490_2PJGZM_16	1485	Prevotella_melaninogenica_ref	1472	0.97508	0.92120	60	NA	NA	confident
501_2PJGZM_16	1464	Bacteroides_thetaiotaomicron_ref	1454	0.98292	0.94842	60	NA	NA	confident
444_2PJGZM_16	1495	Bacteroides_thetaiotaomicron_ref	1446	0.96656	0.99308	60	NA	NA	confident
756_2PJGZM_16	1482	Prevotella_melaninogenica_ref	1448	0.96761	0.98619	60	NA	NA	confident
340_2PJGZM_16	1429	Veillonella_parvula_ref	1359	0.94262	0.90434	60	NA	NA	confident
774_2PJGZM_16	1526	Veillonella_parvula_ref	1480	0.96920	0.99527	60	NA	NA	confident
788_2PJGZM_16	1499	Prevotella_melaninogenica_ref	1452	0.96798	0.99311	60	NA	NA	confident
528_2PJGZM_16	1527	Veillonella_parvula_ref	1480	0.96922	0.99459	60	NA	NA	confident
539_2PJGZM_16	1496	Prevotella_melaninogenica_ref	1457	0.96791	0.93823	60	Bacteroides_thetaiotaomicron_ref	350	confident
557_2PJGZM_16	1504	Prevotella_melaninogenica_ref	1420	0.92886	0.85423	60	Bacteroides_thetaiotaomicron_ref	144	confident
551_2PJGZM_16	1525	Veillonella_parvula_ref	1484	0.96984	0.99191	60	NA	NA	confident
453_2PJGZM_16	1492	Prevotella_melaninogenica_ref	1450	0.96783	0.99172	60	NA	NA	confident
814_2PJGZM_16	1530	Veillonella_parvula_ref	1485	0.96928	0.99125	60	NA	NA	confident
451_2PJGZM_16	1496	Prevotella_melaninogenica_ref	1459	0.96791	0.94928	60	NA	NA	confident
560_2PJGZM_16	1528	Veillonella_parvula_ref	1483	0.96924	0.99258	60	NA	NA	confident
510_2PJGZM_16	1494	Prevotella_melaninogenica_ref	1459	0.96787	0.95408	60	NA	NA	confident
515_2PJGZM_16	1482	Bacteroides_thetaiotaomicron_ref	1462	0.97503	0.93912	60	NA	NA	confident
580_2PJGZM_16	1483	Prevotella_melaninogenica_ref	1450	0.97572	0.96828	60	NA	NA	confident
482_2PJGZM_16	1521	Bacteroides_thetaiotaomicron_ref	1446	0.94938	0.99378	60	NA	NA	confident
347_2PJGZM_16	1321	Bacteroides_thetaiotaomicron_ref	1259	0.94398	0.89436	60	Veillonella_parvula_ref	260	confident
354_2PJGZM_16	1527	Veillonella_parvula_ref	1480	0.96922	0.99459	60	NA	NA	confident
827_2PJGZM_16	1496	Bacteroides_thetaiotaomicron_ref	1460	0.96791	0.96575	60	NA	NA	confident
360_2PJGZM_16	1494	Bacteroides_thetaiotaomicron_ref	1448	0.96787	0.99448	60	NA	NA	confident
578_2PJGZM_16	1480	Bacteroides_thetaiotaomicron_ref	1449	0.96757	0.97930	60	NA	NA	confident
492_2PJGZM_16	1477	Bacteroides_thetaiotaomicron_ref	1446	0.97766	0.99723	60	NA	NA	confident
845_2PJGZM_16	1528	Veillonella_parvula_ref	1481	0.96924	0.99662	60	NA	NA	confident
591_2PJGZM_16	1369	Bacteroides_thetaiotaomicron_ref	1273	0.91088	0.91909	51	Prevotella_melaninogenica_ref	6	ambiguous
857_2PJGZM_16	1527	Veillonella_parvula_ref	1482	0.96922	0.99190	60	NA	NA	confident
602_2PJGZM_16	1526	Veillonella_parvula_ref	1481	0.96920	0.99527	60	NA	NA	confident
592_2PJGZM_16	1499	Bacteroides_thetaiotaomicron_ref	1449	0.96398	0.98965	60	NA	NA	confident
370_2PJGZM_16	1494	Prevotella_melaninogenica_ref	1459	0.96720	0.94174	60	NA	NA	confident
603_2PJGZM_16	1491	Bacteroides_thetaiotaomicron_ref	1456	0.96781	0.96635	60	NA	NA	confident
620_2PJGZM_16	1493	Prevotella_melaninogenica_ref	1453	0.96785	0.98142	60	NA	NA	confident
623_2PJGZM_16	1617	Veillonella_parvula_ref	814	0.50216	0.99386	60	NA	NA	unassigned
635_2PJGZM_16	1524	Veillonella_parvula_ref	1482	0.96916	0.99055	60	NA	NA	confident
654_2PJGZM_16	1243	Veillonella_parvula_ref	1220	0.97989	0.99016	60	NA	NA	confident
384_2PJGZM_16	1520	Veillonella_parvula_ref	1481	0.96908	0.98987	60	NA	NA	confident
508_2PJGZM_16	1478	Prevotella_melaninogenica_ref	1464	0.97767	0.92964	55	NA	NA	confident
536_2PJGZM_16	1482	Prevotella_melaninogenica_ref	1471	0.96694	0.91434	60	NA	NA	confident
554_2PJGZM_16	1492	Prevotella_melaninogenica_ref	1457	0.96783	0.93137	60	Bacteroides_thetaiotaomicron_ref	236	confident
927_2PJGZM_16	1247	NA	NA	NA	NA	NA	NA	NA	unassigned
678_2PJGZM_16	1494	Prevotella_melaninogenica_ref	1447	0.96787	0.99793	60	NA	NA	confident
401_2PJGZM_16	1527	Veillonella_parvula_ref	1481	0.96922	0.99527	60	NA	NA	confident
941_2PJGZM_16	1489	Bacteroides_thetaiotaomicron_ref	1450	0.96776	0.98690	60	NA	NA	confident
692_2PJGZM_16	1495	Prevotella_melaninogenica_ref	1449	0.96656	0.98689	60	NA	NA	confident
413_2PJGZM_16	1496	Prevotella_melaninogenica_ref	1453	0.96791	0.98279	60	NA	NA	confident
949_2PJGZM_16	1492	Prevotella_melaninogenica_ref	1461	0.96783	0.94593	60	NA	NA	confident
579_2PJGZM_16	1488	Prevotella_melaninogenica_ref	1458	0.96774	0.94513	60	NA	NA	confident
497_2PJGZM_16	1478	Bacteroides_thetaiotaomicron_ref	1459	0.97767	0.94174	60	NA	NA	confident
971_2PJGZM_16	1514	Veillonella_parvula_ref	1480	0.97688	0.99054	60	NA	NA	confident
506_2PJGZM_16	1562	Prevotella_melaninogenica_ref	448	0.28681	0.99777	60	Bacteroides_thetaiotaomicron_ref	340	unassigned
531_2PJGZM_16	1495	Prevotella_melaninogenica_ref	1457	0.96789	0.96911	60	NA	NA	confident
545_2PJGZM_16	1494	Bacteroides_thetaiotaomicron_ref	1451	0.96854	0.99242	60	NA	NA	confident
647_2PJGZM_16	1497	Prevotella_melaninogenica_ref	1457	0.96794	0.97941	60	NA	NA	confident
556_2PJGZM_16	1234	Fusobacterium_nucleatum_ref	1200	0.95543	0.94917	60	NA	NA	confident
983_2PJGZM_16	1495	Prevotella_melaninogenica_ref	1447	0.96789	0.99931	60	NA	NA	confident
566_2PJGZM_16	1512	Veillonella_parvula_ref	1480	0.97751	0.99865	60	NA	NA	confident
665_2PJGZM_16	1480	Prevotella_melaninogenica_ref	1457	0.97635	0.96431	60	NA	NA	confident
576_2PJGZM_16	1493	Prevotella_melaninogenica_ref	1447	0.96852	0.99862	60	NA	NA	confident
728_2PJGZM_16	1493	Prevotella_melaninogenica_ref	1453	0.96785	0.97729	60	NA	NA	confident
1005_2PJGZM_16	1491	Prevotella_melaninogenica_ref	1447	0.96781	0.99378	60	NA	NA	confident
421_2PJGZM_16	1485	Bacteroides_thetaiotaomicron_ref	1448	0.96768	0.98412	60	NA	NA	confident
675_2PJGZM_16	1486	Bacteroides_thetaiotaomicron_ref	1458	0.96770	0.94787	60	NA	NA	confident
685_2PJGZM_16	1493	Prevotella_melaninogenica_ref	1459	0.96785	0.95202	60	NA	NA	confident
700_2PJGZM_16	1528	Veillonella_parvula_ref	1485	0.96924	0.98788	60	NA	NA	confident
713_2PJGZM_16	1495	Prevotella_melaninogenica_ref	1447	0.96789	0.98756	60	NA	NA	confident
518_2PJGZM_16	1656	NA	NA	NA	NA	NA	NA	NA	unassigned
739_2PJGZM_16	1516	Veillonella_parvula_ref	1485	0.97559	0.98519	60	NA	NA	confident
726_2PJGZM_16	1525	Veillonella_parvula_ref	1483	0.96918	0.98719	60	NA	NA	confident
750_2PJGZM_16	1380	Bacteroides_thetaiotaomicron_ref	1357	0.98261	0.99484	60	NA	NA	confident
757_2PJGZM_16	1494	Prevotella_melaninogenica_ref	1448	0.96787	0.99517	60	NA	NA	confident
600_2PJGZM_16	1600	Veillonella_parvula_ref	1486	0.92875	0.99260	60	NA	NA	confident
616_2PJGZM_16	1532	Veillonella_parvula_ref	1487	0.96932	0.98521	60	NA	NA	confident
1049_2PJGZM_16	1498	Prevotella_melaninogenica_ref	1453	0.96796	0.99312	60	NA	NA	confident
1062_2PJGZM_16	1524	Prevotella_melaninogenica_ref	1443	0.94226	0.98406	60	NA	NA	confident
440_2PJGZM_16	1433	Prevotella_melaninogenica_ref	620	0.42917	0.91935	51	Veillonella_parvula_ref	276	unassigned
634_2PJGZM_16	1508	Veillonella_parvula_ref	1212	0.78714	0.87294	56	Bacteroides_thetaiotaomicron_ref	50	unassigned
790_2PJGZM_16	1528	Veillonella_parvula_ref	1481	0.96924	0.99527	60	NA	NA	confident
1071_2PJGZM_16	1528	Veillonella_parvula_ref	1482	0.96924	0.98988	60	NA	NA	confident
447_2PJGZM_16	1519	Veillonella_parvula_ref	1485	0.96906	0.97576	60	NA	NA	confident
793_2PJGZM_16	1511	Veillonella_parvula_ref	1432	0.94044	0.91271	60	NA	NA	confident
648_2PJGZM_16	1527	Veillonella_parvula_ref	1480	0.96922	0.99797	60	NA	NA	confident
618_2PJGZM_16	1528	Veillonella_parvula_ref	1483	0.96924	0.99595	60	NA	NA	confident
1093_2PJGZM_16	1222	Bacteroides_thetaiotaomicron_ref	1200	0.97218	0.93000	60	Prevotella_melaninogenica_ref	8	ambiguous
1101_2PJGZM_16	1525	Veillonella_parvula_ref	1481	0.96918	0.99325	60	NA	NA	confident
605_2PJGZM_16	1494	Bacteroides_thetaiotaomicron_ref	1450	0.96787	0.98483	60	NA	NA	confident
1125_2PJGZM_16	1488	Prevotella_melaninogenica_ref	1453	0.96774	0.95526	60	NA	NA	confident
454_2PJGZM_16	1277	Veillonella_parvula_ref	1164	0.90681	0.93729	60	NA	NA	unassigned
765_2PJGZM_16	1497	Prevotella_melaninogenica_ref	1449	0.96794	0.99862	60	NA	NA	confident
672_2PJGZM_16	1496	Prevotella_melaninogenica_ref	1448	0.96791	0.99517	60	NA	NA	confident
621_2PJGZM_16	1507	Veillonella_parvula_ref	1279	0.83543	0.92729	60	NA	NA	confident
686_2PJGZM_16	1209	Prevotella_melaninogenica_ref	615	0.50868	0.99837	60	NA	NA	unassigned
464_2PJGZM_16	1578	Veillonella_parvula_ref	1481	0.93599	0.98379	60	NA	NA	confident
626_2PJGZM_16	1493	Prevotella_melaninogenica_ref	1447	0.96852	0.99724	60	NA	NA	confident
633_2PJGZM_16	1506	Veillonella_parvula_ref	1482	0.97742	0.98853	60	NA	NA	confident
781_2PJGZM_16	1286	Veillonella_parvula_ref	1261	0.98056	0.99603	60	NA	NA	confident
783_2PJGZM_16	1529	Veillonella_parvula_ref	1482	0.96926	0.99595	60	NA	NA	confident
816_2PJGZM_16	1526	Veillonella_parvula_ref	1480	0.96920	0.99459	60	NA	NA	confident
703_2PJGZM_16	1495	Bacteroides_thetaiotaomicron_ref	1465	0.96789	0.92969	60	Prevotella_melaninogenica_ref	214	confident
476_2PJGZM_16	1496	Prevotella_melaninogenica_ref	1449	0.96791	0.99586	60	NA	NA	confident
801_2PJGZM_16	1514	Veillonella_parvula_ref	1480	0.97754	0.99595	60	NA	NA	confident
810_2PJGZM_16	1529	Veillonella_parvula_ref	1483	0.96926	0.98854	60	NA	NA	confident
1141_2PJGZM_16	1494	Prevotella_melaninogenica_ref	1460	0.96787	0.94247	60	NA	NA	confident
715_2PJGZM_16	1502	Prevotella_melaninogenica_ref	1455	0.96804	0.98969	60	NA	NA	confident
486_2PJGZM_16	1531	Veillonella_parvula_ref	1485	0.96930	0.99259	60	NA	NA	confident
653_2PJGZM_16	1525	Veillonella_parvula_ref	1482	0.96721	0.98650	60	NA	NA	confident
1164_2PJGZM_16	1527	Veillonella_parvula_ref	1480	0.96922	0.99662	60	NA	NA	confident
663_2PJGZM_16	1529	Veillonella_parvula_ref	1483	0.96926	0.99326	60	NA	NA	confident
683_2PJGZM_16	1490	Prevotella_melaninogenica_ref	1450	0.96779	0.98759	60	NA	NA	confident
1179_2PJGZM_16	1495	Prevotella_melaninogenica_ref	1447	0.96789	0.99862	60	NA	NA	confident
679_2PJGZM_16	1475	Bacteroides_thetaiotaomicron_ref	1463	0.96746	0.90226	60	Prevotella_melaninogenica_ref	216	confident
693_2PJGZM_16	1516	Veillonella_parvula_ref	1482	0.95910	0.93320	60	NA	NA	confident
1196_2PJGZM_16	1491	Bacteroides_thetaiotaomicron_ref	1448	0.96781	0.99309	60	NA	NA	confident
854_2PJGZM_16	1492	Prevotella_melaninogenica_ref	1446	0.96783	0.99793	60	NA	NA	confident
730_2PJGZM_16	1482	Bacteroides_thetaiotaomicron_ref	1453	0.96761	0.97247	60	NA	NA	confident
874_2PJGZM_16	1494	Prevotella_melaninogenica_ref	1458	0.96787	0.95062	60	NA	NA	confident
694_2PJGZM_16	1493	Prevotella_melaninogenica_ref	1447	0.96785	0.99654	60	NA	NA	confident
500_2PJGZM_16	1493	Prevotella_melaninogenica_ref	1447	0.96785	0.99378	60	NA	NA	confident
898_2PJGZM_16	1489	Bacteroides_thetaiotaomicron_ref	1446	0.96776	0.99447	60	NA	NA	confident
903_2PJGZM_16	1474	Bacteroides_thetaiotaomicron_ref	1457	0.97422	0.95607	60	NA	NA	confident
910_2PJGZM_16	1476	Bacteroides_thetaiotaomicron_ref	1460	0.97561	0.93288	60	NA	NA	confident
745_2PJGZM_16	1487	Bacteroides_thetaiotaomicron_ref	1446	0.96772	0.99308	60	NA	NA	confident
1234_2PJGZM_16	1526	Veillonella_parvula_ref	1481	0.96986	0.99797	60	NA	NA	confident
717_2PJGZM_16	1318	Veillonella_parvula_ref	994	0.75266	0.99598	60	NA	NA	unassigned
831_2PJGZM_16	1527	Veillonella_parvula_ref	1480	0.96922	0.99932	60	NA	NA	confident
729_2PJGZM_16	1493	Prevotella_melaninogenica_ref	1463	0.96785	0.92618	60	Bacteroides_thetaiotaomicron_ref	128	confident
707_2PJGZM_16	1510	Veillonella_parvula_ref	1481	0.97881	0.99460	60	NA	NA	confident
511_2PJGZM_16	1510	Veillonella_parvula_ref	1480	0.97682	0.99257	60	NA	NA	confident
842_2PJGZM_16	1526	Veillonella_parvula_ref	1482	0.96920	0.99393	60	NA	NA	confident
928_2PJGZM_16	1496	Bacteroides_thetaiotaomicron_ref	1463	0.96791	0.94532	60	NA	NA	confident
716_2PJGZM_16	1202	Prevotella_melaninogenica_ref	672	0.55574	0.98958	60	Bacteroides_thetaiotaomicron_ref	390	unassigned
724_2PJGZM_16	1527	Veillonella_parvula_ref	1480	0.96922	0.99662	60	NA	NA	confident
863_2PJGZM_16	1489	Bacteroides_thetaiotaomicron_ref	1451	0.96776	0.98484	60	NA	NA	confident
875_2PJGZM_16	1475	Bacteroides_thetaiotaomicron_ref	1453	0.97085	0.96972	60	NA	NA	confident
748_2PJGZM_16	1494	Prevotella_melaninogenica_ref	1447	0.96787	0.99862	60	NA	NA	confident
516_2PJGZM_16	1528	Veillonella_parvula_ref	1485	0.96924	0.98855	60	NA	NA	confident
947_2PJGZM_16	1482	Prevotella_melaninogenica_ref	1447	0.97638	0.99793	60	NA	NA	confident
1304_2PJGZM_16	1535	Veillonella_parvula_ref	1482	0.96547	0.99325	60	NA	NA	confident
1319_2PJGZM_16	1522	Veillonella_parvula_ref	1482	0.96978	0.99123	60	NA	NA	confident
897_2PJGZM_16	1512	Veillonella_parvula_ref	1273	0.84061	0.98115	60	NA	NA	confident
1341_2PJGZM_16	1494	Prevotella_melaninogenica_ref	1447	0.96787	0.99793	60	NA	NA	confident
1352_2PJGZM_16	1528	Veillonella_parvula_ref	1482	0.96924	0.99325	60	NA	NA	confident
1368_2PJGZM_16	1498	Prevotella_melaninogenica_ref	1451	0.96796	0.99242	60	NA	NA	confident
740_2PJGZM_16	1513	Veillonella_parvula_ref	1480	0.97687	0.99730	60	NA	NA	confident
532_2PJGZM_16	1525	Veillonella_parvula_ref	1481	0.96918	0.99325	60	NA	NA	confident
753_2PJGZM_16	1338	Veillonella_parvula_ref	1279	0.95291	0.95231	60	NA	NA	confident
791_2PJGZM_16	1401	Bacteroides_thetaiotaomicron_ref	1372	0.97716	0.98542	60	NA	NA	confident
959_2PJGZM_16	1495	Veillonella_parvula_ref	1485	0.99264	0.99192	60	NA	NA	confident
802_2PJGZM_16	1496	Prevotella_melaninogenica_ref	1449	0.96791	0.99655	60	NA	NA	confident
1384_2PJGZM_16	1491	Bacteroides_thetaiotaomicron_ref	1455	0.96512	0.94570	60	NA	NA	confident
916_2PJGZM_16	1496	Bacteroides_thetaiotaomicron_ref	1460	0.96791	0.93493	60	Prevotella_melaninogenica_ref	304	confident
766_2PJGZM_16	1509	Veillonella_parvula_ref	1480	0.97747	0.99459	60	NA	NA	confident
778_2PJGZM_16	1444	Veillonella_parvula_ref	722	0.50000	0.99723	60	NA	NA	unassigned
967_2PJGZM_16	1497	Prevotella_melaninogenica_ref	1451	0.96593	0.96072	60	NA	NA	confident
794_2PJGZM_16	1493	Bacteroides_thetaiotaomicron_ref	1446	0.96785	0.99862	60	NA	NA	confident
924_2PJGZM_16	1299	Veillonella_parvula_ref	1275	0.98152	0.99922	60	NA	NA	confident
813_2PJGZM_16	1475	Prevotella_melaninogenica_ref	1450	0.97627	0.98759	60	NA	NA	confident
548_2PJGZM_16	1496	Prevotella_melaninogenica_ref	1450	0.96791	0.99517	60	NA	NA	confident
553_2PJGZM_16	1528	Veillonella_parvula_ref	1482	0.96924	0.99393	60	NA	NA	confident
1401_2PJGZM_16	1478	Fusobacterium_nucleatum_ref	1377	0.92084	0.93246	60	NA	NA	confident
1417_2PJGZM_16	1483	Prevotella_melaninogenica_ref	1449	0.97438	0.97999	60	NA	NA	confident
767_2PJGZM_16	1532	Veillonella_parvula_ref	1486	0.96932	0.99327	60	NA	NA	confident
829_2PJGZM_16	1527	Veillonella_parvula_ref	1483	0.96988	0.97977	60	NA	NA	confident
837_2PJGZM_16	1512	Prevotella_melaninogenica_ref	1450	0.95635	0.98828	60	NA	NA	confident
812_2PJGZM_16	1527	Veillonella_parvula_ref	1480	0.96922	0.99324	60	NA	NA	confident
1431_2PJGZM_16	1495	Prevotella_melaninogenica_ref	1447	0.96789	0.99654	60	NA	NA	confident
822_2PJGZM_16	1528	Veillonella_parvula_ref	1486	0.96924	0.98587	60	NA	NA	confident
988_2PJGZM_16	1276	Prevotella_melaninogenica_ref	1269	0.98119	0.92356	55	NA	NA	confident
997_2PJGZM_16	1527	Veillonella_parvula_ref	1482	0.96922	0.99663	60	NA	NA	confident
1450_2PJGZM_16	1479	Bacteroides_thetaiotaomicron_ref	1446	0.97701	0.99862	60	NA	NA	confident
1010_2PJGZM_16	1516	Veillonella_parvula_ref	1483	0.97691	0.99326	60	NA	NA	confident
849_2PJGZM_16	1512	Prevotella_melaninogenica_ref	1447	0.95503	0.99724	60	NA	NA	confident
960_2PJGZM_16	1475	Bacteroides_thetaiotaomicron_ref	1450	0.97695	0.98276	60	NA	NA	confident
1024_2PJGZM_16	1365	Bacteroides_thetaiotaomicron_ref	1368	0.99853	0.99196	60	NA	NA	confident
862_2PJGZM_16	1497	Bacteroides_thetaiotaomicron_ref	1450	0.96794	0.99517	60	NA	NA	confident
571_2PJGZM_16	1511	Veillonella_parvula_ref	1482	0.97750	0.98583	60	NA	NA	confident
582_2PJGZM_16	1533	Veillonella_parvula_ref	1486	0.96934	0.99260	60	NA	NA	confident
1466_2PJGZM_16	1494	Bacteroides_thetaiotaomicron_ref	1447	0.96787	0.99654	60	NA	NA	confident
839_2PJGZM_16	1529	Veillonella_parvula_ref	1483	0.96926	0.99393	60	NA	NA	confident
587_2PJGZM_16	1525	Veillonella_parvula_ref	1483	0.96918	0.99258	60	NA	NA	confident
1033_2PJGZM_16	1482	Prevotella_melaninogenica_ref	1452	0.97706	0.99311	60	NA	NA	confident
970_2PJGZM_16	1507	Bacteroides_thetaiotaomicron_ref	1403	0.92435	0.91233	60	NA	NA	confident
850_2PJGZM_16	1525	Veillonella_parvula_ref	1480	0.96918	0.99662	60	NA	NA	confident
876_2PJGZM_16	1494	Prevotella_melaninogenica_ref	1447	0.96787	0.99793	60	NA	NA	confident
1487_2PJGZM_16	1546	Prevotella_melaninogenica_ref	1408	0.90427	0.90270	60	NA	NA	confident
1500_2PJGZM_16	1493	Bacteroides_thetaiotaomicron_ref	1449	0.96785	0.99172	60	NA	NA	confident
777_2PJGZM_16	1509	Veillonella_parvula_ref	1277	0.83234	0.89977	56	Bacteroides_thetaiotaomicron_ref	94	confident
976_2PJGZM_16	1453	Bacteroides_thetaiotaomicron_ref	1439	0.98417	0.97846	60	NA	NA	confident
1528_2PJGZM_16	1498	Prevotella_melaninogenica_ref	1454	0.96796	0.96699	60	NA	NA	confident
1533_2PJGZM_16	1434	Prevotella_melaninogenica_ref	1386	0.96025	0.93867	60	NA	NA	confident
998_2PJGZM_16	1527	Veillonella_parvula_ref	1480	0.96922	1.00000	60	NA	NA	confident
885_2PJGZM_16	1485	Bacteroides_thetaiotaomicron_ref	1450	0.96768	0.97793	60	NA	NA	confident
868_2PJGZM_16	1227	Bacteroides_thetaiotaomicron_ref	709	0.57457	0.92102	44	Prevotella_melaninogenica_ref	78	unassigned
896_2PJGZM_16	1498	Prevotella_melaninogenica_ref	1471	0.96796	0.93542	60	NA	NA	confident
1067_2PJGZM_16	1481	NA	NA	NA	NA	NA	NA	NA	unassigned
1543_2PJGZM_16	1485	Prevotella_melaninogenica_ref	1447	0.96768	0.99102	60	NA	NA	confident
598_2PJGZM_16	1489	Bacteroides_thetaiotaomicron_ref	1446	0.96776	0.98963	60	NA	NA	confident
1026_2PJGZM_16	1498	Bacteroides_thetaiotaomicron_ref	1451	0.96796	0.99380	60	NA	NA	confident
1079_2PJGZM_16	1515	Veillonella_parvula_ref	1483	0.97690	0.99123	60	NA	NA	confident
1555_2PJGZM_16	1498	Bacteroides_thetaiotaomicron_ref	1411	0.92390	0.87101	60	Veillonella_parvula_ref	134	confident
1040_2PJGZM_16	1485	Prevotella_melaninogenica_ref	1459	0.97576	0.96847	60	NA	NA	confident
879_2PJGZM_16	1505	NA	NA	NA	NA	NA	NA	NA	unassigned
911_2PJGZM_16	1497	Prevotella_melaninogenica_ref	1451	0.96794	0.99104	60	NA	NA	confident
892_2PJGZM_16	1513	Veillonella_parvula_ref	1482	0.97885	0.99528	60	NA	NA	confident
806_2PJGZM_16	1489	Bacteroides_thetaiotaomicron_ref	1456	0.96642	0.96497	60	NA	NA	confident
815_2PJGZM_16	1494	Prevotella_melaninogenica_ref	1457	0.96787	0.95813	60	NA	NA	confident
1095_2PJGZM_16	1493	Bacteroides_thetaiotaomicron_ref	1462	0.96785	0.93981	60	NA	NA	confident
825_2PJGZM_16	1266	Veillonella_parvula_ref	1242	0.98025	0.99195	60	NA	NA	confident
1569_2PJGZM_16	1493	Bacteroides_thetaiotaomicron_ref	1461	0.96316	0.93087	60	NA	NA	confident
1105_2PJGZM_16	1489	Bacteroides_thetaiotaomicron_ref	1450	0.96776	0.98276	60	NA	NA	confident
619_2PJGZM_16	1496	Prevotella_melaninogenica_ref	1450	0.96791	0.99310	60	NA	NA	confident
624_2PJGZM_16	1524	Veillonella_parvula_ref	1482	0.96982	0.99325	60	NA	NA	confident
929_2PJGZM_16	1498	Prevotella_melaninogenica_ref	1450	0.96796	0.99241	60	NA	NA	confident
1606_2PJGZM_16	1487	Prevotella_melaninogenica_ref	1459	0.96772	0.93626	60	NA	NA	confident
1116_2PJGZM_16	1489	Bacteroides_thetaiotaomicron_ref	1450	0.96776	0.97517	60	NA	NA	confident
1629_2PJGZM_16	1495	Prevotella_melaninogenica_ref	1450	0.96789	0.99034	60	NA	NA	confident
938_2PJGZM_16	1505	Bacteroides_thetaiotaomicron_ref	1411	0.92425	0.92204	55	NA	NA	confident
630_2PJGZM_16	1527	Veillonella_parvula_ref	1480	0.96922	0.99459	60	NA	NA	confident
843_2PJGZM_16	1494	Prevotella_melaninogenica_ref	1456	0.96787	0.94780	60	NA	NA	confident
930_2PJGZM_16	1500	Bacteroides_thetaiotaomicron_ref	1446	0.96333	0.97925	60	NA	NA	confident
937_2PJGZM_16	1526	Veillonella_parvula_ref	1481	0.96920	0.99527	60	NA	NA	confident
851_2PJGZM_16	1495	Prevotella_melaninogenica_ref	1449	0.96789	0.99172	60	NA	NA	confident
946_2PJGZM_16	1495	Prevotella_melaninogenica_ref	1448	0.96789	0.99586	60	NA	NA	confident
1135_2PJGZM_16	1455	Prevotella_melaninogenica_ref	1473	0.98419	0.84318	36	Veillonella_parvula_ref	120	unassigned
1147_2PJGZM_16	1529	Veillonella_parvula_ref	1484	0.96926	0.98989	60	NA	NA	confident
861_2PJGZM_16	1462	Prevotella_melaninogenica_ref	1455	0.98358	0.92509	53	NA	NA	confident
869_2PJGZM_16	1475	Fusobacterium_nucleatum_ref	1404	0.94847	0.98575	60	NA	NA	confident
1061_2PJGZM_16	1495	Bacteroides_thetaiotaomicron_ref	1469	0.97793	0.92580	52	NA	NA	confident
640_2PJGZM_16	1487	Prevotella_melaninogenica_ref	1449	0.97445	0.99310	60	NA	NA	confident
645_2PJGZM_16	1485	Prevotella_melaninogenica_ref	1448	0.97508	0.99655	60	NA	NA	confident
873_2PJGZM_16	1530	Veillonella_parvula_ref	1485	0.96928	0.98990	60	NA	NA	confident
1068_2PJGZM_16	1480	Prevotella_melaninogenica_ref	1447	0.97770	0.99793	60	NA	NA	confident
1160_2PJGZM_16	1525	Veillonella_parvula_ref	1483	0.96918	0.98854	60	NA	NA	confident
1676_2PJGZM_16	1526	Veillonella_parvula_ref	1480	0.96920	0.99662	60	NA	NA	confident
1096_2PJGZM_16	1496	Prevotella_melaninogenica_ref	1448	0.96791	0.99655	60	NA	NA	confident
1167_2PJGZM_16	1526	Veillonella_parvula_ref	1483	0.96920	0.98989	60	NA	NA	confident
1107_2PJGZM_16	1477	Prevotella_melaninogenica_ref	1459	0.97630	0.94174	60	NA	NA	confident
1692_2PJGZM_16	1493	Bacteroides_thetaiotaomicron_ref	1446	0.96785	0.99447	60	NA	NA	confident
1120_2PJGZM_16	1527	Veillonella_parvula_ref	1481	0.96922	0.99662	60	NA	NA	confident
1130_2PJGZM_16	1499	Prevotella_melaninogenica_ref	1465	0.96798	0.93720	60	NA	NA	confident
1701_2PJGZM_16	1496	Prevotella_melaninogenica_ref	1455	0.96791	0.94021	60	Bacteroides_thetaiotaomicron_ref	352	confident
996_2PJGZM_16	1508	Prevotella_melaninogenica_ref	1467	0.95889	0.90320	60	Bacteroides_thetaiotaomicron_ref	328	confident
1004_2PJGZM_16	1492	Bacteroides_thetaiotaomicron_ref	1458	0.96783	0.95885	60	NA	NA	confident
1139_2PJGZM_16	1492	Prevotella_melaninogenica_ref	1459	0.96783	0.94380	60	NA	NA	confident
1149_2PJGZM_16	1529	Veillonella_parvula_ref	1487	0.96926	0.98655	60	NA	NA	confident
1002_2PJGZM_16	1483	Bacteroides_thetaiotaomicron_ref	1449	0.96763	0.98413	60	NA	NA	confident
1718_2PJGZM_16	1522	Veillonella_parvula_ref	1492	0.95861	0.92962	60	NA	NA	confident
1161_2PJGZM_16	1535	Veillonella_parvula_ref	1426	0.92248	0.93408	60	NA	NA	confident
1015_2PJGZM_16	1472	Bacteroides_thetaiotaomicron_ref	1448	0.97758	0.98895	60	NA	NA	confident
1009_2PJGZM_16	1493	Prevotella_melaninogenica_ref	1448	0.96785	0.99586	60	NA	NA	confident
1175_2PJGZM_16	1485	Fusobacterium_nucleatum_ref	1376	0.92121	0.95203	60	NA	NA	confident
891_2PJGZM_16	1527	Veillonella_parvula_ref	1481	0.96922	0.99392	60	NA	NA	confident
900_2PJGZM_16	1494	NA	NA	NA	NA	NA	NA	NA	unassigned
907_2PJGZM_16	1524	Veillonella_parvula_ref	1480	0.96916	0.99595	60	NA	NA	confident
1018_2PJGZM_16	1636	NA	NA	NA	NA	NA	NA	NA	unassigned
1203_2PJGZM_16	1525	Veillonella_parvula_ref	1480	0.96918	0.99662	60	NA	NA	confident
1747_2PJGZM_16	1497	Prevotella_melaninogenica_ref	1466	0.96660	0.94884	60	NA	NA	confident
920_2PJGZM_16	1491	Prevotella_melaninogenica_ref	1455	0.96781	0.97869	60	NA	NA	confident
670_2PJGZM_16	1421	Veillonella_parvula_ref	722	0.50739	0.99169	60	NA	NA	unassigned
1773_2PJGZM_16	1495	Bacteroides_thetaiotaomicron_ref	1450	0.96789	0.99379	60	NA	NA	confident
1224_2PJGZM_16	1499	Bacteroides_thetaiotaomicron_ref	1469	0.96798	0.94282	60	NA	NA	confident
677_2PJGZM_16	1492	Prevotella_melaninogenica_ref	1458	0.96984	0.96502	60	NA	NA	confident
684_2PJGZM_16	1535	Veillonella_parvula_ref	1485	0.96547	0.97576	60	NA	NA	confident
691_2PJGZM_16	1504	Veillonella_parvula_ref	1427	0.93152	0.87666	60	Bacteroides_thetaiotaomicron_ref	206	confident
940_2PJGZM_16	1493	Bacteroides_thetaiotaomicron_ref	1446	0.96785	0.99931	60	NA	NA	confident
955_2PJGZM_16	1524	Veillonella_parvula_ref	1481	0.96916	0.99190	60	NA	NA	confident
965_2PJGZM_16	1265	Bacteroides_thetaiotaomicron_ref	1246	0.97312	0.92536	60	NA	NA	confident
1791_2PJGZM_16	1696	Prevotella_melaninogenica_ref	1404	0.81781	0.95157	60	NA	NA	confident
1057_2PJGZM_16	1493	Bacteroides_thetaiotaomicron_ref	1445	0.96718	0.99723	60	NA	NA	confident
1799_2PJGZM_16	1530	Veillonella_parvula_ref	1483	0.96928	0.99393	60	NA	NA	confident
1202_2PJGZM_16	1491	Veillonella_parvula_ref	1483	0.96848	0.95212	60	NA	NA	confident
1245_2PJGZM_16	1492	Bacteroides_thetaiotaomicron_ref	1448	0.96783	0.99448	60	NA	NA	confident
1044_2PJGZM_16	1529	Veillonella_parvula_ref	1484	0.96926	0.99394	60	NA	NA	confident
1056_2PJGZM_16	1517	Veillonella_parvula_ref	1415	0.93013	0.99081	60	NA	NA	confident
1809_2PJGZM_16	1515	Veillonella_parvula_ref	1483	0.97888	0.99393	60	NA	NA	confident
1081_2PJGZM_16	1493	Bacteroides_thetaiotaomicron_ref	1462	0.96785	0.93365	60	NA	NA	confident
980_2PJGZM_16	1483	Bacteroides_thetaiotaomicron_ref	1460	0.97572	0.93562	60	Prevotella_melaninogenica_ref	312	confident
1256_2PJGZM_16	1488	Veillonella_parvula_ref	1277	0.84274	0.89037	60	Prevotella_melaninogenica_ref	104	confident
995_2PJGZM_16	1496	Bacteroides_thetaiotaomicron_ref	1460	0.96791	0.93151	60	Prevotella_melaninogenica_ref	226	confident
1090_2PJGZM_16	1518	Veillonella_parvula_ref	1485	0.97760	0.99394	60	NA	NA	confident
1073_2PJGZM_16	1481	Prevotella_melaninogenica_ref	1447	0.97704	0.99793	60	NA	NA	confident
1003_2PJGZM_16	1495	Prevotella_melaninogenica_ref	1457	0.96789	0.95676	60	NA	NA	confident
698_2PJGZM_16	1531	Veillonella_parvula_ref	1485	0.96930	0.99057	60	NA	NA	confident
1099_2PJGZM_16	1493	Bacteroides_thetaiotaomicron_ref	1446	0.96785	0.98202	60	NA	NA	confident
1830_2PJGZM_16	1493	Prevotella_melaninogenica_ref	1463	0.96785	0.93780	60	NA	NA	confident
1265_2PJGZM_16	1507	Veillonella_parvula_ref	1486	0.98275	0.98452	60	NA	NA	confident
1842_2PJGZM_16	1493	Prevotella_melaninogenica_ref	1451	0.96785	0.98759	60	NA	NA	confident
1013_2PJGZM_16	1520	Veillonella_parvula_ref	1489	0.97566	0.97851	60	NA	NA	confident
704_2PJGZM_16	1497	Prevotella_melaninogenica_ref	1449	0.96727	0.99379	60	NA	NA	confident
1233_2PJGZM_16	1488	Bacteroides_thetaiotaomicron_ref	1449	0.96774	0.98482	60	NA	NA	confident
1025_2PJGZM_16	1530	Veillonella_parvula_ref	1481	0.96732	0.99190	60	NA	NA	confident
1852_2PJGZM_16	1494	Prevotella_melaninogenica_ref	1461	0.96787	0.94593	60	NA	NA	confident
1863_2PJGZM_16	1530	Veillonella_parvula_ref	1485	0.96928	0.99192	60	NA	NA	confident
1092_2PJGZM_16	1535	Bacteroides_thetaiotaomicron_ref	1458	0.93681	0.94719	60	NA	NA	confident
1112_2PJGZM_16	1518	Veillonella_parvula_ref	1482	0.96772	0.97301	60	NA	NA	confident
1246_2PJGZM_16	1527	Veillonella_parvula_ref	1490	0.96922	0.97450	60	NA	NA	confident
1879_2PJGZM_16	1311	Veillonella_parvula_ref	1285	0.98017	0.99767	60	NA	NA	confident
1106_2PJGZM_16	1322	Prevotella_melaninogenica_ref	1263	0.94402	0.91607	60	NA	NA	confident
1276_2PJGZM_16	1529	Veillonella_parvula_ref	1483	0.96926	0.99191	60	NA	NA	confident
714_2PJGZM_16	1503	Prevotella_melaninogenica_ref	1398	0.92881	0.99213	60	NA	NA	confident
1259_2PJGZM_16	1491	Prevotella_melaninogenica_ref	1453	0.96848	0.96146	60	NA	NA	confident
1269_2PJGZM_16	1529	Veillonella_parvula_ref	1487	0.96926	0.97714	60	NA	NA	confident
1915_2PJGZM_16	1480	Prevotella_melaninogenica_ref	1459	0.97568	0.92803	60	Bacteroides_thetaiotaomicron_ref	240	confident
1045_2PJGZM_16	1526	Veillonella_parvula_ref	1484	0.97117	0.99124	60	NA	NA	confident
721_2PJGZM_16	1410	Bacteroides_thetaiotaomicron_ref	1384	0.97376	0.95303	60	NA	NA	confident
1127_2PJGZM_16	1527	Veillonella_parvula_ref	1480	0.96922	0.99797	60	NA	NA	confident
1136_2PJGZM_16	1266	Veillonella_parvula_ref	1241	0.98025	0.99758	60	NA	NA	confident
727_2PJGZM_16	1528	Veillonella_parvula_ref	1481	0.96924	0.99662	60	NA	NA	confident
1288_2PJGZM_16	1484	Prevotella_melaninogenica_ref	1452	0.97507	0.97727	60	NA	NA	confident
1065_2PJGZM_16	1494	Bacteroides_thetaiotaomicron_ref	1456	0.96720	0.95810	60	NA	NA	confident
1122_2PJGZM_16	1479	Bacteroides_thetaiotaomicron_ref	1446	0.97634	0.99585	60	NA	NA	confident
1131_2PJGZM_16	1494	Bacteroides_thetaiotaomicron_ref	1449	0.96787	0.99586	60	NA	NA	confident
1939_2PJGZM_16	1487	Prevotella_melaninogenica_ref	1448	0.97041	0.99033	60	NA	NA	confident
1166_2PJGZM_16	1528	Veillonella_parvula_ref	1427	0.92343	0.91871	57	NA	NA	confident
1303_2PJGZM_16	1494	Prevotella_melaninogenica_ref	1455	0.96787	0.95120	60	NA	NA	confident
1314_2PJGZM_16	1493	Bacteroides_thetaiotaomicron_ref	1449	0.96785	0.99310	60	NA	NA	confident
1140_2PJGZM_16	1494	Prevotella_melaninogenica_ref	1447	0.96787	0.99654	60	NA	NA	confident
1320_2PJGZM_16	1509	Veillonella_parvula_ref	1480	0.97879	0.99595	60	NA	NA	confident
1180_2PJGZM_16	1519	Veillonella_parvula_ref	1490	0.97696	0.98389	60	NA	NA	confident
758_2PJGZM_16	1495	Veillonella_parvula_ref	1278	0.84013	0.91471	60	NA	NA	confident
1072_2PJGZM_16	1497	Prevotella_melaninogenica_ref	1453	0.96794	0.98624	60	NA	NA	confident
1970_2PJGZM_16	1483	Bacteroides_thetaiotaomicron_ref	1453	0.97640	0.98004	60	NA	NA	confident
1194_2PJGZM_16	1481	Prevotella_melaninogenica_ref	1448	0.97569	0.99102	60	NA	NA	confident
1981_2PJGZM_16	1486	Bacteroides_thetaiotaomicron_ref	1448	0.96770	0.98688	60	NA	NA	confident
1078_2PJGZM_16	1489	Bacteroides_thetaiotaomicron_ref	1461	0.96776	0.95072	60	NA	NA	confident
1312_2PJGZM_16	1494	Prevotella_melaninogenica_ref	1447	0.96787	0.99724	60	NA	NA	confident
1350_2PJGZM_16	1527	Veillonella_parvula_ref	1480	0.96922	0.99595	60	NA	NA	confident
1323_2PJGZM_16	1523	Veillonella_parvula_ref	1488	0.96914	0.97446	60	NA	NA	confident
1365_2PJGZM_16	1535	Prevotella_melaninogenica_ref	1447	0.94267	0.99793	60	NA	NA	confident
1994_2PJGZM_16	1477	Bacteroides_thetaiotaomicron_ref	1452	0.97563	0.95868	60	NA	NA	confident
772_2PJGZM_16	1488	Prevotella_melaninogenica_ref	1459	0.96774	0.96162	60	NA	NA	confident
1387_2PJGZM_16	1591	Veillonella_parvula_ref	1467	0.91703	0.97819	60	NA	NA	confident
1211_2PJGZM_16	1483	Fusobacterium_nucleatum_ref	1376	0.92111	0.94767	60	NA	NA	confident
1163_2PJGZM_16	1530	Veillonella_parvula_ref	1484	0.96928	0.99394	60	NA	NA	confident
1345_2PJGZM_16	1530	Veillonella_parvula_ref	1485	0.96928	0.99327	60	NA	NA	confident
800_2PJGZM_16	1204	Bacteroides_thetaiotaomicron_ref	1182	0.98090	0.99662	60	NA	NA	unassigned
2011_2PJGZM_16	1221	Prevotella_melaninogenica_ref	1197	0.98034	0.99248	60	NA	NA	unassigned
1358_2PJGZM_16	1531	Veillonella_parvula_ref	1486	0.96930	0.98789	60	NA	NA	confident
808_2PJGZM_16	1478	Prevotella_melaninogenica_ref	1459	0.96549	0.94859	60	NA	NA	confident
1170_2PJGZM_16	1499	Prevotella_melaninogenica_ref	1452	0.96798	0.99380	60	NA	NA	confident
1372_2PJGZM_16	1527	Veillonella_parvula_ref	1482	0.96922	0.99325	60	NA	NA	confident
1178_2PJGZM_16	1494	Prevotella_melaninogenica_ref	1456	0.96787	0.96772	60	NA	NA	confident
1189_2PJGZM_16	1512	Veillonella_parvula_ref	1482	0.98016	0.99393	60	NA	NA	confident
2031_2PJGZM_16	1498	Prevotella_melaninogenica_ref	1461	0.96796	0.92402	57	Bacteroides_thetaiotaomicron_ref	102	confident
1094_2PJGZM_16	1485	Bacteroides_thetaiotaomicron_ref	1453	0.97778	0.99105	60	NA	NA	confident
1228_2PJGZM_16	1496	Prevotella_melaninogenica_ref	1457	0.96791	0.98559	60	NA	NA	confident
1206_2PJGZM_16	1499	Bacteroides_thetaiotaomicron_ref	1393	0.92395	0.93754	60	NA	NA	confident
2046_2PJGZM_16	1526	Veillonella_parvula_ref	1480	0.96920	0.99527	60	NA	NA	confident
823_2PJGZM_16	1526	Veillonella_parvula_ref	1480	0.96920	0.99865	60	NA	NA	confident
2067_2PJGZM_16	1483	Prevotella_melaninogenica_ref	1449	0.97438	0.99517	60	NA	NA	confident
1218_2PJGZM_16	1481	Bacteroides_thetaiotaomicron_ref	1465	0.97637	0.93515	60	NA	NA	confident
832_2PJGZM_16	1479	Bacteroides_thetaiotaomicron_ref	1448	0.97634	0.99309	60	NA	NA	confident
1435_2PJGZM_16	1471	Bacteroides_thetaiotaomicron_ref	1449	0.96737	0.96342	60	NA	NA	confident
2079_2PJGZM_16	1506	Veillonella_parvula_ref	1211	0.79880	0.91825	60	Prevotella_melaninogenica_ref	216	unassigned
841_2PJGZM_16	1530	Veillonella_parvula_ref	1488	0.96928	0.98522	60	NA	NA	confident
1398_2PJGZM_16	1329	Bacteroides_thetaiotaomicron_ref	1318	0.99097	0.99545	60	NA	NA	confident
1406_2PJGZM_16	1493	Bacteroides_thetaiotaomicron_ref	1456	0.96785	0.96978	60	NA	NA	confident
2093_2PJGZM_16	1516	Veillonella_parvula_ref	1437	0.93668	0.90536	60	NA	NA	confident
1232_2PJGZM_16	1531	Veillonella_parvula_ref	1484	0.96930	0.99191	60	NA	NA	confident
1414_2PJGZM_16	1490	Prevotella_melaninogenica_ref	1447	0.96779	0.99171	60	NA	NA	confident
1242_2PJGZM_16	1488	Bacteroides_thetaiotaomicron_ref	1453	0.96774	0.93668	60	Prevotella_melaninogenica_ref	348	confident
1255_2PJGZM_16	1496	Prevotella_melaninogenica_ref	1460	0.96791	0.95685	60	NA	NA	confident
1244_2PJGZM_16	1497	Bacteroides_thetaiotaomicron_ref	1451	0.96794	0.98828	60	NA	NA	confident
846_2PJGZM_16	1490	Prevotella_melaninogenica_ref	1457	0.96846	0.95333	60	NA	NA	confident
1258_2PJGZM_16	1590	Bacteroides_thetaiotaomicron_ref	1447	0.90881	0.99378	60	NA	NA	confident
2117_2PJGZM_16	1494	Prevotella_melaninogenica_ref	1449	0.96787	0.99586	60	NA	NA	confident
1262_2PJGZM_16	1754	Veillonella_parvula_ref	905	0.51425	0.98895	60	NA	NA	unassigned
1275_2PJGZM_16	1493	Bacteroides_thetaiotaomicron_ref	1447	0.96785	0.99447	60	NA	NA	confident
1274_2PJGZM_16	1500	Prevotella_melaninogenica_ref	1454	0.96800	0.99312	60	NA	NA	confident
1479_2PJGZM_16	1494	Prevotella_melaninogenica_ref	1456	0.96787	0.94505	60	NA	NA	confident
1287_2PJGZM_16	1494	Prevotella_melaninogenica_ref	1454	0.96787	0.95530	60	NA	NA	confident
1297_2PJGZM_16	1495	Prevotella_melaninogenica_ref	1457	0.96789	0.96774	60	NA	NA	confident
1499_2PJGZM_16	1493	Prevotella_melaninogenica_ref	1448	0.96785	0.99171	60	NA	NA	confident
856_2PJGZM_16	1505	Prevotella_melaninogenica_ref	1408	0.92890	0.90696	60	NA	NA	confident
1295_2PJGZM_16	1515	Prevotella_melaninogenica_ref	1452	0.95710	0.98967	60	NA	NA	confident
1134_2PJGZM_16	1501	Prevotella_melaninogenica_ref	1469	0.96802	0.95099	60	NA	NA	confident
1143_2PJGZM_16	1527	Veillonella_parvula_ref	1483	0.96922	0.98921	60	NA	NA	confident
1145_2PJGZM_16	1527	Veillonella_parvula_ref	1483	0.96922	0.99258	60	NA	NA	confident
1153_2PJGZM_16	1491	Prevotella_melaninogenica_ref	1447	0.96982	0.99862	60	NA	NA	confident
1315_2PJGZM_16	1542	Veillonella_parvula_ref	1483	0.96044	0.99258	60	NA	NA	confident
1531_2PJGZM_16	1492	Veillonella_parvula_ref	1487	0.97721	0.96167	60	NA	NA	confident
2169_2PJGZM_16	1493	Prevotella_melaninogenica_ref	1448	0.96785	0.99448	60	NA	NA	confident
2189_2PJGZM_16	1275	Veillonella_parvula_ref	715	0.56000	0.99021	60	NA	NA	unassigned
2199_2PJGZM_16	1509	Veillonella_parvula_ref	1482	0.97946	0.99190	60	NA	NA	confident
1552_2PJGZM_16	1517	Veillonella_parvula_ref	1432	0.93672	0.90992	60	NA	NA	confident
1559_2PJGZM_16	1518	Veillonella_parvula_ref	1480	0.96970	0.98851	60	NA	NA	confident
880_2PJGZM_16	1491	Bacteroides_thetaiotaomicron_ref	1447	0.96915	0.99724	60	NA	NA	confident
1462_2PJGZM_16	1499	Prevotella_melaninogenica_ref	1448	0.96598	0.99517	60	NA	NA	confident
1468_2PJGZM_16	1528	Veillonella_parvula_ref	1483	0.96990	0.99393	60	NA	NA	confident
886_2PJGZM_16	1496	Prevotella_melaninogenica_ref	1449	0.96791	0.99586	60	NA	NA	confident
1165_2PJGZM_16	1497	Prevotella_melaninogenica_ref	1451	0.96794	0.96278	60	NA	NA	confident
1573_2PJGZM_16	1476	Prevotella_melaninogenica_ref	1447	0.97696	0.99171	60	NA	NA	confident
895_2PJGZM_16	1511	Veillonella_parvula_ref	1481	0.97882	0.99662	60	NA	NA	confident
1173_2PJGZM_16	1495	Prevotella_melaninogenica_ref	1447	0.96789	1.00000	60	NA	NA	confident
1185_2PJGZM_16	1498	Veillonella_parvula_ref	1434	0.94393	0.87099	0	Bacteroides_thetaiotaomicron_ref	128	unassigned
2221_2PJGZM_16	1527	Veillonella_parvula_ref	1481	0.96922	0.99595	60	NA	NA	confident
1359_2PJGZM_16	1482	Prevotella_melaninogenica_ref	1467	0.97638	0.91684	32	Bacteroides_thetaiotaomicron_ref	20	confident
1317_2PJGZM_16	1481	Prevotella_melaninogenica_ref	1447	0.97704	0.99931	60	NA	NA	confident
1583_2PJGZM_16	1765	Prevotella_melaninogenica_ref	960	0.54108	0.98229	60	NA	NA	unassigned
1484_2PJGZM_16	1523	Veillonella_parvula_ref	1483	0.96914	0.98921	60	NA	NA	confident
1325_2PJGZM_16	1494	Bacteroides_thetaiotaomicron_ref	1408	0.93173	0.91335	60	NA	NA	confident
1205_2PJGZM_16	1499	Prevotella_melaninogenica_ref	1400	0.92862	0.97929	60	NA	NA	confident
1374_2PJGZM_16	1527	Veillonella_parvula_ref	1481	0.96922	0.99460	60	NA	NA	confident
1353_2PJGZM_16	1491	Prevotella_melaninogenica_ref	1447	0.96781	0.99447	60	NA	NA	confident
1607_2PJGZM_16	1487	Bacteroides_thetaiotaomicron_ref	1448	0.96772	0.98757	60	NA	NA	confident
2246_2PJGZM_16	1527	Veillonella_parvula_ref	1482	0.96922	0.99460	60	NA	NA	confident
1366_2PJGZM_16	1493	Bacteroides_thetaiotaomicron_ref	1446	0.96785	0.99723	60	NA	NA	confident
1220_2PJGZM_16	1484	Prevotella_melaninogenica_ref	1459	0.96900	0.92666	60	Bacteroides_thetaiotaomicron_ref	306	confident
1231_2PJGZM_16	1494	Prevotella_melaninogenica_ref	1449	0.96787	0.99103	60	NA	NA	confident
1395_2PJGZM_16	1488	Bacteroides_thetaiotaomicron_ref	1447	0.96774	0.99309	60	NA	NA	confident
968_2PJGZM_16	1485	Bacteroides_thetaiotaomicron_ref	1448	0.96768	0.98273	60	NA	NA	confident
1402_2PJGZM_16	1491	Prevotella_melaninogenica_ref	1463	0.96781	0.91729	60	Bacteroides_thetaiotaomicron_ref	130	confident
975_2PJGZM_16	1484	Bacteroides_thetaiotaomicron_ref	1461	0.97642	0.95756	60	NA	NA	confident
1627_2PJGZM_16	1494	Bacteroides_thetaiotaomicron_ref	1459	0.96787	0.94311	60	NA	NA	confident
981_2PJGZM_16	1511	Veillonella_parvula_ref	1480	0.97750	0.99797	60	NA	NA	confident
2257_2PJGZM_16	1525	Veillonella_parvula_ref	1486	0.96918	0.96433	60	NA	NA	confident
1385_2PJGZM_16	1517	Veillonella_parvula_ref	1180	0.77785	0.99322	60	NA	NA	unassigned
1420_2PJGZM_16	1493	Prevotella_melaninogenica_ref	1460	0.96785	0.93288	60	Bacteroides_thetaiotaomicron_ref	260	confident
1642_2PJGZM_16	1496	Prevotella_melaninogenica_ref	1410	0.93583	0.91489	60	NA	NA	confident
1653_2PJGZM_16	1522	Veillonella_parvula_ref	1480	0.96912	0.98986	60	NA	NA	confident
1551_2PJGZM_16	1525	Veillonella_parvula_ref	1434	0.93311	0.90795	60	NA	NA	confident
1397_2PJGZM_16	1524	Veillonella_parvula_ref	1482	0.96982	0.99325	60	NA	NA	confident
994_2PJGZM_16	1527	Veillonella_parvula_ref	1480	0.96922	0.99865	60	NA	NA	confident
2282_2PJGZM_16	1490	Bacteroides_thetaiotaomicron_ref	1446	0.96779	0.99447	60	NA	NA	confident
1000_2PJGZM_16	1494	Prevotella_melaninogenica_ref	1448	0.96787	0.99655	60	NA	NA	confident
1439_2PJGZM_16	1494	Prevotella_melaninogenica_ref	1454	0.96787	0.95530	60	NA	NA	confident
1404_2PJGZM_16	1493	Bacteroides_thetaiotaomicron_ref	1447	0.96785	0.99102	60	NA	NA	confident
1448_2PJGZM_16	1513	Veillonella_parvula_ref	1481	0.97885	0.99325	60	NA	NA	confident
1454_2PJGZM_16	1557	Bacteroides_thetaiotaomicron_ref	1457	0.92742	0.94303	60	NA	NA	confident
1571_2PJGZM_16	1518	Veillonella_parvula_ref	1482	0.97563	0.99123	60	NA	NA	confident
1673_2PJGZM_16	1499	Prevotella_melaninogenica_ref	1451	0.96798	0.99518	60	NA	NA	confident
1581_2PJGZM_16	1492	Prevotella_melaninogenica_ref	1449	0.96783	0.99172	60	NA	NA	confident
2295_2PJGZM_16	1510	Bacteroides_thetaiotaomicron_ref	1260	0.82517	0.90476	60	Veillonella_parvula_ref	104	confident
1423_2PJGZM_16	1493	Bacteroides_thetaiotaomicron_ref	1446	0.96785	0.99378	60	NA	NA	confident
1690_2PJGZM_16	1527	Veillonella_parvula_ref	1482	0.96922	0.99055	60	NA	NA	confident
1438_2PJGZM_16	1528	Veillonella_parvula_ref	1482	0.96924	0.99123	60	NA	NA	confident
1594_2PJGZM_16	1520	Veillonella_parvula_ref	1483	0.96908	0.97910	60	NA	NA	confident
2307_2PJGZM_16	1525	Veillonella_parvula_ref	1481	0.96918	0.99257	60	NA	NA	confident
1457_2PJGZM_16	1495	Prevotella_melaninogenica_ref	1447	0.96789	0.99931	60	NA	NA	confident
2325_2PJGZM_16	1484	Fusobacterium_nucleatum_ref	1437	0.96765	0.99513	60	NA	NA	confident
1020_2PJGZM_16	1527	Veillonella_parvula_ref	1484	0.96922	0.98720	60	NA	NA	confident
1469_2PJGZM_16	1494	Prevotella_melaninogenica_ref	1447	0.96787	0.99793	60	NA	NA	confident
1023_2PJGZM_16	1496	Prevotella_melaninogenica_ref	1448	0.96791	0.99793	60	NA	NA	confident
1465_2PJGZM_16	1299	Prevotella_melaninogenica_ref	1275	0.98152	0.99373	60	NA	NA	confident
1707_2PJGZM_16	1486	Bacteroides_thetaiotaomicron_ref	1448	0.96770	0.98688	60	NA	NA	confident
1611_2PJGZM_16	1696	NA	NA	NA	NA	NA	NA	NA	unassigned
1494_2PJGZM_16	1527	Veillonella_parvula_ref	1480	0.96922	0.99797	60	NA	NA	confident
2348_2PJGZM_16	1312	Veillonella_parvula_ref	1291	0.98171	0.98916	60	NA	NA	confident
1726_2PJGZM_16	1399	Prevotella_melaninogenica_ref	1373	0.98142	0.99782	60	NA	NA	confident
1501_2PJGZM_16	1527	Veillonella_parvula_ref	1480	0.96922	0.99730	60	NA	NA	confident
1737_2PJGZM_16	1648	NA	NA	NA	NA	NA	NA	NA	unassigned
2360_2PJGZM_16	1527	Veillonella_parvula_ref	1482	0.96922	0.99460	60	NA	NA	confident
1527_2PJGZM_16	1496	Prevotella_melaninogenica_ref	1449	0.96791	0.99517	60	NA	NA	confident
2375_2PJGZM_16	1494	Prevotella_melaninogenica_ref	1447	0.96787	0.99724	60	NA	NA	confident
1540_2PJGZM_16	1334	Prevotella_melaninogenica_ref	741	0.55097	0.93387	55	NA	NA	unassigned
1471_2PJGZM_16	1518	Veillonella_parvula_ref	1485	0.97760	0.98990	60	NA	NA	confident
1264_2PJGZM_16	1495	Prevotella_melaninogenica_ref	1447	0.96789	1.00000	60	NA	NA	confident
1483_2PJGZM_16	1497	Prevotella_melaninogenica_ref	1449	0.96794	0.99793	60	NA	NA	confident
1505_2PJGZM_16	1533	Veillonella_parvula_ref	1487	0.96934	0.99126	60	NA	NA	confident
1756_2PJGZM_16	1490	Bacteroides_thetaiotaomicron_ref	1450	0.96711	0.97586	60	NA	NA	confident
1046_2PJGZM_16	1519	Veillonella_parvula_ref	1483	0.96906	0.98112	60	NA	NA	confident
1055_2PJGZM_16	1527	Veillonella_parvula_ref	1481	0.96857	0.99190	60	NA	NA	confident
1273_2PJGZM_16	1495	Bacteroides_thetaiotaomicron_ref	1451	0.96789	0.98691	60	NA	NA	confident
1293_2PJGZM_16	1496	Prevotella_melaninogenica_ref	1459	0.96725	0.93009	60	Bacteroides_thetaiotaomicron_ref	242	confident
1547_2PJGZM_16	1517	Veillonella_parvula_ref	1480	0.97561	0.99730	60	NA	NA	confident
1767_2PJGZM_16	1515	Veillonella_parvula_ref	1482	0.97690	0.99393	60	NA	NA	confident
1311_2PJGZM_16	1529	Veillonella_parvula_ref	1483	0.96730	0.98921	60	NA	NA	confident
1066_2PJGZM_16	1479	Prevotella_melaninogenica_ref	1447	0.97634	0.99654	60	NA	NA	confident
1647_2PJGZM_16	1513	Veillonella_parvula_ref	1481	0.97753	0.99460	60	NA	NA	confident
1656_2PJGZM_16	1494	Prevotella_melaninogenica_ref	1447	0.96787	0.97650	60	NA	NA	confident
1568_2PJGZM_16	1314	Bacteroides_thetaiotaomicron_ref	1289	0.98021	0.99457	60	NA	NA	confident
1327_2PJGZM_16	1495	Prevotella_melaninogenica_ref	1449	0.96789	0.98827	60	NA	NA	confident
2404_2PJGZM_16	1498	Prevotella_melaninogenica_ref	1451	0.96796	0.99449	60	NA	NA	confident
1781_2PJGZM_16	1492	Prevotella_melaninogenica_ref	1448	0.96582	0.99102	60	NA	NA	confident
1344_2PJGZM_16	1360	Veillonella_parvula_ref	1340	0.98235	0.99328	60	NA	NA	confident
1585_2PJGZM_16	1285	Prevotella_melaninogenica_ref	656	0.50506	0.98933	60	NA	NA	unassigned
1590_2PJGZM_16	1632	Prevotella_melaninogenica_ref	866	0.53064	0.98614	60	NA	NA	unassigned
2433_2PJGZM_16	1485	Veillonella_parvula_ref	1463	0.98451	0.99795	60	NA	NA	confident
1074_2PJGZM_16	1492	Bacteroides_thetaiotaomicron_ref	1454	0.96783	0.94292	60	Prevotella_melaninogenica_ref	448	confident
1789_2PJGZM_16	1492	Prevotella_melaninogenica_ref	1448	0.96783	0.99102	60	NA	NA	confident
1080_2PJGZM_16	1529	Veillonella_parvula_ref	1484	0.96926	0.98652	60	NA	NA	confident
1798_2PJGZM_16	1525	Veillonella_parvula_ref	1481	0.96918	0.99392	60	NA	NA	confident
1526_2PJGZM_16	1528	Veillonella_parvula_ref	1481	0.96924	0.99865	60	NA	NA	confident
1625_2PJGZM_16	1539	Prevotella_melaninogenica_ref	1451	0.94152	0.99104	60	NA	NA	confident
1648_2PJGZM_16	1492	Prevotella_melaninogenica_ref	1450	0.96783	0.99103	60	NA	NA	confident
1813_2PJGZM_16	1493	Bacteroides_thetaiotaomicron_ref	1458	0.96785	0.93073	60	Prevotella_melaninogenica_ref	232	confident
1390_2PJGZM_16	1527	Veillonella_parvula_ref	1481	0.96922	0.99527	60	NA	NA	confident
1089_2PJGZM_16	1500	Prevotella_melaninogenica_ref	1454	0.96800	0.98624	60	NA	NA	confident
1097_2PJGZM_16	1473	Prevotella_melaninogenica_ref	1451	0.97420	0.97450	60	NA	NA	confident
2487_2PJGZM_16	1493	Prevotella_melaninogenica_ref	1441	0.96316	0.99514	60	NA	NA	confident
1545_2PJGZM_16	1494	Prevotella_melaninogenica_ref	1448	0.96787	0.99517	60	NA	NA	confident
2507_2PJGZM_16	1484	Prevotella_melaninogenica_ref	1449	0.96765	0.98551	60	NA	NA	confident
1409_2PJGZM_16	1481	Bacteroides_thetaiotaomicron_ref	1447	0.97637	0.99724	60	NA	NA	confident
1567_2PJGZM_16	1511	Prevotella_melaninogenica_ref	1394	0.91396	0.89240	60	Fusobacterium_nucleatum_ref	480	confident
1833_2PJGZM_16	1487	Bacteroides_thetaiotaomicron_ref	1465	0.96772	0.91672	60	Prevotella_melaninogenica_ref	144	confident
1678_2PJGZM_16	1494	Bacteroides_thetaiotaomicron_ref	1448	0.96787	0.99240	60	NA	NA	confident
1123_2PJGZM_16	1447	Bacteroides_thetaiotaomicron_ref	1424	0.98341	0.99228	60	NA	NA	confident
1694_2PJGZM_16	1527	Veillonella_parvula_ref	1486	0.96922	0.98520	60	NA	NA	confident
1860_2PJGZM_16	1529	Veillonella_parvula_ref	1483	0.96926	0.99123	60	NA	NA	confident
1426_2PJGZM_16	1470	Prevotella_melaninogenica_ref	1449	0.98367	0.99172	60	NA	NA	confident
1126_2PJGZM_16	1504	Prevotella_melaninogenica_ref	1474	0.96809	0.95319	60	NA	NA	confident
2546_2PJGZM_16	1490	Bacteroides_thetaiotaomicron_ref	1451	0.96779	0.98691	60	NA	NA	confident
1588_2PJGZM_16	1497	Veillonella_parvula_ref	1432	0.94322	0.88128	48	NA	NA	confident
1872_2PJGZM_16	1514	Veillonella_parvula_ref	1429	0.93197	0.90833	60	NA	NA	confident
2566_2PJGZM_16	1487	Bacteroides_thetaiotaomicron_ref	1458	0.96772	0.94650	60	NA	NA	confident
1596_2PJGZM_16	1509	Veillonella_parvula_ref	1490	0.97747	0.96711	60	NA	NA	confident
1881_2PJGZM_16	1236	Prevotella_melaninogenica_ref	1229	0.98058	0.92596	60	Bacteroides_thetaiotaomicron_ref	68	confident
2575_2PJGZM_16	1509	Veillonella_parvula_ref	1274	0.83234	0.93721	60	NA	NA	confident
1442_2PJGZM_16	1241	Bacteroides_thetaiotaomicron_ref	1218	0.97985	0.98851	60	NA	NA	confident
2596_2PJGZM_16	1493	Bacteroides_thetaiotaomicron_ref	1448	0.96785	0.99586	60	NA	NA	confident
1719_2PJGZM_16	1493	Bacteroides_thetaiotaomicron_ref	1446	0.96785	0.99654	60	NA	NA	confident
1609_2PJGZM_16	1498	Prevotella_melaninogenica_ref	1448	0.96662	0.99793	60	NA	NA	confident
1138_2PJGZM_16	1527	Veillonella_parvula_ref	1464	0.95874	0.99385	60	NA	NA	confident
1456_2PJGZM_16	1227	Veillonella_parvula_ref	1203	0.97963	0.99584	60	NA	NA	confident
1148_2PJGZM_16	1508	Prevotella_melaninogenica_ref	1448	0.96021	0.99793	60	NA	NA	confident
1693_2PJGZM_16	1495	Prevotella_melaninogenica_ref	1447	0.96789	0.99724	60	NA	NA	confident
1622_2PJGZM_16	1490	Prevotella_melaninogenica_ref	1457	0.96779	0.94921	60	NA	NA	confident
1703_2PJGZM_16	1474	Bacteroides_thetaiotaomicron_ref	1448	0.97626	0.98757	60	NA	NA	confident
1467_2PJGZM_16	1492	Bacteroides_thetaiotaomicron_ref	1448	0.96783	0.98826	60	NA	NA	confident
1630_2PJGZM_16	1492	Prevotella_melaninogenica_ref	1458	0.96783	0.93073	60	Bacteroides_thetaiotaomicron_ref	238	confident
1478_2PJGZM_16	1303	Bacteroides_thetaiotaomicron_ref	1283	0.98158	0.99221	60	NA	NA	confident
1723_2PJGZM_16	1512	Veillonella_parvula_ref	1480	0.97751	0.99527	60	NA	NA	confident
1728_2PJGZM_16	1527	Veillonella_parvula_ref	1483	0.96922	0.99191	60	NA	NA	confident
1645_2PJGZM_16	1530	Veillonella_parvula_ref	1484	0.96928	0.99326	60	NA	NA	confident
1660_2PJGZM_16	1495	Prevotella_melaninogenica_ref	1447	0.96789	0.99309	60	NA	NA	confident
1498_2PJGZM_16	1526	Veillonella_parvula_ref	1482	0.96920	0.99258	60	NA	NA	confident
1743_2PJGZM_16	1499	Prevotella_melaninogenica_ref	1449	0.96664	0.99793	60	NA	NA	confident
1672_2PJGZM_16	1531	Veillonella_parvula_ref	1489	0.96930	0.97649	60	NA	NA	confident
1510_2PJGZM_16	1522	Veillonella_parvula_ref	1480	0.96912	0.99595	60	NA	NA	confident
2627_2PJGZM_16	1528	Veillonella_parvula_ref	1481	0.96924	0.99797	60	NA	NA	confident
1752_2PJGZM_16	1492	Bacteroides_thetaiotaomicron_ref	1447	0.96783	0.99585	60	NA	NA	confident
1168_2PJGZM_16	1443	Prevotella_melaninogenica_ref	1434	0.98060	0.91423	60	Bacteroides_thetaiotaomicron_ref	146	confident
1685_2PJGZM_16	1525	Veillonella_parvula_ref	1480	0.96918	0.99595	60	NA	NA	confident
2656_2PJGZM_16	1495	Prevotella_melaninogenica_ref	1450	0.96789	0.99241	60	NA	NA	confident
1771_2PJGZM_16	1492	Bacteroides_thetaiotaomicron_ref	1446	0.96783	0.99516	60	NA	NA	confident
1697_2PJGZM_16	1517	Veillonella_parvula_ref	1439	0.93672	0.90410	60	NA	NA	confident
2686_2PJGZM_16	1295	Prevotella_melaninogenica_ref	720	0.55367	0.98611	60	NA	NA	unassigned
2703_2PJGZM_16	1493	Prevotella_melaninogenica_ref	1459	0.96785	0.94311	60	NA	NA	confident
2715_2PJGZM_16	1241	Veillonella_parvula_ref	616	0.49637	0.99351	60	NA	NA	unassigned
1780_2PJGZM_16	1518	Veillonella_parvula_ref	1422	0.93215	0.97609	60	NA	NA	confident
1174_2PJGZM_16	1480	Prevotella_melaninogenica_ref	1451	0.97500	0.98691	60	NA	NA	confident
1769_2PJGZM_16	1484	Bacteroides_thetaiotaomicron_ref	1452	0.96765	0.97658	60	NA	NA	confident
1796_2PJGZM_16	1494	Bacteroides_thetaiotaomicron_ref	1447	0.96787	0.99516	60	NA	NA	confident
2723_2PJGZM_16	1492	Bacteroides_thetaiotaomicron_ref	1459	0.96783	0.93900	59	NA	NA	confident
1897_2PJGZM_16	1527	Veillonella_parvula_ref	1480	0.96922	0.99797	60	NA	NA	confident
1807_2PJGZM_16	1527	Veillonella_parvula_ref	1481	0.96922	0.99595	60	NA	NA	confident
1601_2PJGZM_16	1298	NA	NA	NA	NA	NA	NA	NA	unassigned
1816_2PJGZM_16	1493	Bacteroides_thetaiotaomicron_ref	1446	0.96785	0.99931	60	NA	NA	confident
1776_2PJGZM_16	1331	Prevotella_melaninogenica_ref	1306	0.98122	0.99770	60	NA	NA	confident
1786_2PJGZM_16	1525	Veillonella_parvula_ref	1481	0.96918	0.99190	60	NA	NA	confident
1797_2PJGZM_16	1513	Veillonella_parvula_ref	1486	0.97753	0.98385	60	NA	NA	confident
1619_2PJGZM_16	1210	Bacteroides_thetaiotaomicron_ref	1186	0.97686	0.99241	60	NA	NA	unassigned
1909_2PJGZM_16	1526	Veillonella_parvula_ref	1481	0.96920	0.99392	60	NA	NA	confident
1806_2PJGZM_16	1492	Prevotella_melaninogenica_ref	1448	0.96783	0.98895	60	NA	NA	confident
1201_2PJGZM_16	1298	Prevotella_melaninogenica_ref	1278	0.98151	0.99531	60	NA	NA	confident
1208_2PJGZM_16	1522	Veillonella_parvula_ref	1482	0.97043	0.98718	60	NA	NA	confident
1844_2PJGZM_16	1525	Veillonella_parvula_ref	1480	0.96918	0.99662	60	NA	NA	confident
1632_2PJGZM_16	1488	Prevotella_melaninogenica_ref	1459	0.96774	0.95956	60	NA	NA	confident
1853_2PJGZM_16	1491	Prevotella_melaninogenica_ref	1466	0.96781	0.91814	60	Bacteroides_thetaiotaomicron_ref	108	confident
1214_2PJGZM_16	1528	Veillonella_parvula_ref	1482	0.96924	0.99528	60	NA	NA	confident
2755_2PJGZM_16	1492	Prevotella_melaninogenica_ref	1447	0.96783	0.99171	60	NA	NA	confident
2770_2PJGZM_16	1417	Prevotella_melaninogenica_ref	1394	0.98306	0.99426	60	NA	NA	confident
1742_2PJGZM_16	1512	Veillonella_parvula_ref	1482	0.97817	0.99258	60	NA	NA	confident
1921_2PJGZM_16	1493	Prevotella_melaninogenica_ref	1447	0.96852	0.99724	60	NA	NA	confident
1836_2PJGZM_16	1475	Prevotella_melaninogenica_ref	1452	0.98441	0.99380	60	NA	NA	confident
1227_2PJGZM_16	1482	Bacteroides_thetaiotaomicron_ref	1446	0.97503	0.99931	60	NA	NA	confident
2783_2PJGZM_16	1513	Veillonella_parvula_ref	1480	0.97687	0.99459	60	NA	NA	confident
1850_2PJGZM_16	1517	Veillonella_parvula_ref	1485	0.97759	0.98788	60	NA	NA	confident
1933_2PJGZM_16	1496	Prevotella_melaninogenica_ref	1448	0.96791	0.99724	60	NA	NA	confident
1866_2PJGZM_16	1474	Bacteroides_thetaiotaomicron_ref	1458	0.97626	0.95885	60	NA	NA	confident
1861_2PJGZM_16	1527	Veillonella_parvula_ref	1480	0.96922	0.99459	60	NA	NA	confident
1768_2PJGZM_16	1478	Bacteroides_thetaiotaomicron_ref	1446	0.97700	0.99447	60	NA	NA	confident
1870_2PJGZM_16	1360	Prevotella_melaninogenica_ref	744	0.54485	0.96371	60	NA	NA	unassigned
1655_2PJGZM_16	1528	Veillonella_parvula_ref	1481	0.96924	0.99325	60	NA	NA	confident
1665_2PJGZM_16	1527	Veillonella_parvula_ref	1486	0.96922	0.98789	60	NA	NA	confident
1876_2PJGZM_16	1528	Veillonella_parvula_ref	1481	0.96924	0.99797	60	NA	NA	confident
1958_2PJGZM_16	1630	Prevotella_melaninogenica_ref	1364	0.83374	0.98534	60	NA	NA	confident
2802_2PJGZM_16	1502	Prevotella_melaninogenica_ref	1481	0.96471	0.86833	60	Veillonella_parvula_ref	148	confident
1887_2PJGZM_16	1269	Bacteroides_thetaiotaomicron_ref	1254	0.98109	0.98644	60	NA	NA	confident
1677_2PJGZM_16	1526	Veillonella_parvula_ref	1482	0.96920	0.98853	60	NA	NA	confident
1884_2PJGZM_16	1529	Veillonella_parvula_ref	1482	0.96926	0.99798	60	NA	NA	confident
1969_2PJGZM_16	1489	Bacteroides_thetaiotaomicron_ref	1460	0.96776	0.93356	60	NA	NA	confident
1977_2PJGZM_16	1526	Fusobacterium_nucleatum_ref	1385	0.89712	0.89675	0	Veillonella_parvula_ref	8	ambiguous
1696_2PJGZM_16	1528	Veillonella_parvula_ref	1481	0.96924	0.99460	60	NA	NA	confident
1993_2PJGZM_16	1488	Fusobacterium_nucleatum_ref	1387	0.92137	0.90916	60	Veillonella_parvula_ref	262	confident
1898_2PJGZM_16	1523	Veillonella_parvula_ref	1480	0.96980	0.99595	60	NA	NA	confident
2001_2PJGZM_16	1522	Veillonella_parvula_ref	1483	0.96912	0.99123	60	NA	NA	confident
1716_2PJGZM_16	1490	Prevotella_melaninogenica_ref	1472	0.97517	0.91576	60	NA	NA	confident
1808_2PJGZM_16	1526	Veillonella_parvula_ref	1480	0.96920	0.99662	60	NA	NA	confident
1819_2PJGZM_16	1491	Bacteroides_thetaiotaomicron_ref	1446	0.96781	0.99723	60	NA	NA	confident
1831_2PJGZM_16	1493	Prevotella_melaninogenica_ref	1454	0.96785	0.95667	60	NA	NA	confident
1848_2PJGZM_16	1483	Bacteroides_thetaiotaomicron_ref	1456	0.96696	0.96016	60	NA	NA	confident
1919_2PJGZM_16	1238	Veillonella_parvula_ref	570	0.45800	0.96140	60	Bacteroides_thetaiotaomicron_ref	64	unassigned
1911_2PJGZM_16	1527	Veillonella_parvula_ref	1484	0.96922	0.98922	60	NA	NA	confident
1855_2PJGZM_16	1277	NA	NA	NA	NA	NA	NA	NA	unassigned
1748_2PJGZM_16	1513	Veillonella_parvula_ref	1481	0.97687	0.99392	60	NA	NA	confident
1931_2PJGZM_16	1369	Prevotella_melaninogenica_ref	694	0.50621	0.98703	60	NA	NA	unassigned
1250_2PJGZM_16	1492	Bacteroides_thetaiotaomicron_ref	1453	0.96783	0.96834	60	NA	NA	confident
2840_2PJGZM_16	1479	Veillonella_parvula_ref	1490	0.96484	0.86577	60	NA	NA	confident
1940_2PJGZM_16	1495	Prevotella_melaninogenica_ref	1447	0.96789	0.99862	60	NA	NA	confident
1869_2PJGZM_16	1496	Prevotella_melaninogenica_ref	1448	0.96791	0.99793	60	NA	NA	confident
1932_2PJGZM_16	1491	Bacteroides_thetaiotaomicron_ref	1456	0.96781	0.96841	60	NA	NA	confident
1882_2PJGZM_16	1510	Veillonella_parvula_ref	1482	0.97815	0.98988	60	NA	NA	confident
1774_2PJGZM_16	1491	Prevotella_melaninogenica_ref	1447	0.96781	0.99585	60	NA	NA	confident
2042_2PJGZM_16	1492	Prevotella_melaninogenica_ref	1447	0.96783	0.99724	60	NA	NA	confident
2883_2PJGZM_16	1514	Veillonella_parvula_ref	1481	0.97820	0.99527	60	NA	NA	confident
2899_2PJGZM_16	1495	Prevotella_melaninogenica_ref	1447	0.96789	0.99654	60	NA	NA	confident
2916_2PJGZM_16	1527	Veillonella_parvula_ref	1480	0.96922	0.99730	60	NA	NA	confident
1793_2PJGZM_16	1490	Bacteroides_thetaiotaomicron_ref	1447	0.96779	0.99585	60	NA	NA	confident
2056_2PJGZM_16	1513	Veillonella_parvula_ref	1483	0.97687	0.99056	60	NA	NA	confident
1802_2PJGZM_16	1528	Veillonella_parvula_ref	1482	0.96924	0.99258	60	NA	NA	confident
2936_2PJGZM_16	1526	Veillonella_parvula_ref	1482	0.96986	0.99528	60	NA	NA	confident
1948_2PJGZM_16	1483	Prevotella_melaninogenica_ref	1447	0.97438	0.99654	60	NA	NA	confident
1254_2PJGZM_16	1315	Veillonella_parvula_ref	1291	0.98175	0.99845	60	NA	NA	confident
1260_2PJGZM_16	1499	Bacteroides_thetaiotaomicron_ref	1258	0.83389	0.90143	60	NA	NA	confident
1815_2PJGZM_16	1497	Prevotella_melaninogenica_ref	1449	0.96794	0.99517	60	NA	NA	confident
2064_2PJGZM_16	1392	Bacteroides_thetaiotaomicron_ref	1308	0.93103	0.90596	60	NA	NA	confident
1837_2PJGZM_16	1484	Fusobacterium_nucleatum_ref	1384	0.92183	0.89812	0	Veillonella_parvula_ref	8	ambiguous
2071_2PJGZM_16	1533	Veillonella_parvula_ref	1486	0.96934	0.99394	60	NA	NA	confident
1267_2PJGZM_16	1477	Prevotella_melaninogenica_ref	1447	0.97563	0.99309	60	NA	NA	confident
1974_2PJGZM_16	1533	Veillonella_parvula_ref	1487	0.96934	0.99126	60	NA	NA	confident
1271_2PJGZM_16	1495	Bacteroides_thetaiotaomicron_ref	1452	0.96789	0.97934	60	NA	NA	confident
2091_2PJGZM_16	1528	Veillonella_parvula_ref	1482	0.96924	0.99528	60	NA	NA	confident
1856_2PJGZM_16	1493	Prevotella_melaninogenica_ref	1453	0.96852	0.98348	60	NA	NA	confident
1908_2PJGZM_16	1525	Veillonella_parvula_ref	1481	0.96918	0.99595	60	NA	NA	confident
2103_2PJGZM_16	1487	Bacteroides_thetaiotaomicron_ref	1448	0.96772	0.98757	60	NA	NA	confident
1991_2PJGZM_16	1485	Prevotella_melaninogenica_ref	1448	0.97441	0.99517	60	NA	NA	confident
1923_2PJGZM_16	1485	Prevotella_melaninogenica_ref	1444	0.97172	0.99654	60	NA	NA	confident
1294_2PJGZM_16	1491	Bacteroides_thetaiotaomicron_ref	1448	0.96781	0.98895	60	NA	NA	confident
1300_2PJGZM_16	1502	Prevotella_melaninogenica_ref	1454	0.96804	0.99450	60	NA	NA	confident
1873_2PJGZM_16	1466	Prevotella_melaninogenica_ref	1444	0.98363	0.99377	60	NA	NA	confident
2954_2PJGZM_16	1527	Veillonella_parvula_ref	1480	0.96922	0.99932	60	NA	NA	confident
2118_2PJGZM_16	1528	Veillonella_parvula_ref	1484	0.96924	0.98989	60	NA	NA	confident
1986_2PJGZM_16	1525	Veillonella_parvula_ref	1483	0.96918	0.99056	60	NA	NA	confident
2131_2PJGZM_16	1491	Prevotella_melaninogenica_ref	1449	0.96781	0.99103	60	NA	NA	confident
1308_2PJGZM_16	1353	Bacteroides_thetaiotaomicron_ref	683	0.50480	0.99414	60	NA	NA	unassigned
2982_2PJGZM_16	1490	Fusobacterium_nucleatum_ref	1389	0.92148	0.91505	60	NA	NA	confident
1318_2PJGZM_16	1509	Prevotella_melaninogenica_ref	1467	0.95891	0.91888	60	NA	NA	confident
2006_2PJGZM_16	1494	Prevotella_melaninogenica_ref	1447	0.96787	0.99931	60	NA	NA	confident
2015_2PJGZM_16	1494	Prevotella_melaninogenica_ref	1461	0.96787	0.93908	60	NA	NA	confident
1895_2PJGZM_16	1490	Bacteroides_thetaiotaomicron_ref	1477	0.96779	0.91198	60	Prevotella_melaninogenica_ref	174	confident
2028_2PJGZM_16	1481	Prevotella_melaninogenica_ref	1447	0.96759	0.98272	60	NA	NA	confident
1324_2PJGZM_16	1469	Prevotella_melaninogenica_ref	1450	0.98366	0.99034	60	NA	NA	confident
2152_2PJGZM_16	1531	Veillonella_parvula_ref	1484	0.96930	0.98989	60	NA	NA	confident
2013_2PJGZM_16	1514	Veillonella_parvula_ref	1480	0.97688	0.99730	60	NA	NA	confident
1912_2PJGZM_16	1520	Veillonella_parvula_ref	1434	0.93618	0.91004	60	NA	NA	confident
1338_2PJGZM_16	1526	Veillonella_parvula_ref	1482	0.96986	0.99528	60	NA	NA	confident
2041_2PJGZM_16	1515	Veillonella_parvula_ref	1428	0.93201	0.89986	60	NA	NA	confident
1343_2PJGZM_16	1218	Veillonella_parvula_ref	621	0.49918	0.87601	49	Bacteroides_thetaiotaomicron_ref	240	unassigned
2063_2PJGZM_16	1529	Veillonella_parvula_ref	1483	0.96926	0.99528	60	NA	NA	confident
3035_2PJGZM_16	1527	Veillonella_parvula_ref	1480	0.96922	1.00000	60	NA	NA	confident
3042_2PJGZM_16	1468	Bacteroides_thetaiotaomicron_ref	1443	0.97888	0.97713	60	NA	NA	confident
1951_2PJGZM_16	1518	Veillonella_parvula_ref	1480	0.96904	0.98514	60	NA	NA	confident
1965_2PJGZM_16	1487	Prevotella_melaninogenica_ref	1461	0.96772	0.92266	55	NA	NA	confident
3053_2PJGZM_16	1470	Prevotella_melaninogenica_ref	1447	0.98367	0.99240	60	NA	NA	confident
1348_2PJGZM_16	1557	Veillonella_parvula_ref	1487	0.95247	0.97848	60	NA	NA	confident
2073_2PJGZM_16	1494	Prevotella_melaninogenica_ref	1462	0.96787	0.93297	60	NA	NA	confident
1935_2PJGZM_16	1527	Veillonella_parvula_ref	1481	0.96922	0.99460	60	NA	NA	confident
3067_2PJGZM_16	1494	Prevotella_melaninogenica_ref	1448	0.96787	0.99655	60	NA	NA	confident
1946_2PJGZM_16	1490	Prevotella_melaninogenica_ref	1458	0.96644	0.92730	60	Bacteroides_thetaiotaomicron_ref	302	confident
3085_2PJGZM_16	1522	Bacteroides_thetaiotaomicron_ref	1448	0.95007	0.99517	60	NA	NA	confident
2074_2PJGZM_16	1529	Veillonella_parvula_ref	1482	0.96926	0.99258	60	NA	NA	confident
2198_2PJGZM_16	1557	Veillonella_parvula_ref	1267	0.81053	0.97238	60	NA	NA	confident
3102_2PJGZM_16	1526	Veillonella_parvula_ref	1482	0.96920	0.98920	60	NA	NA	confident
2085_2PJGZM_16	1494	Bacteroides_thetaiotaomicron_ref	1459	0.96854	0.93146	60	Prevotella_melaninogenica_ref	212	confident
2205_2PJGZM_16	1526	Veillonella_parvula_ref	1480	0.96855	0.99324	60	NA	NA	confident
3117_2PJGZM_16	1494	Prevotella_melaninogenica_ref	1447	0.96787	0.99862	60	NA	NA	confident
1364_2PJGZM_16	1307	Veillonella_parvula_ref	625	0.47590	0.97440	60	Bacteroides_thetaiotaomicron_ref	424	unassigned
2233_2PJGZM_16	1494	Prevotella_melaninogenica_ref	1447	0.96787	0.99862	60	NA	NA	confident
2095_2PJGZM_16	1496	Prevotella_melaninogenica_ref	1457	0.96791	0.95882	60	NA	NA	confident
2240_2PJGZM_16	1491	Prevotella_melaninogenica_ref	1448	0.96647	0.99309	60	NA	NA	confident
2119_2PJGZM_16	1524	Veillonella_parvula_ref	1482	0.96916	0.99055	60	NA	NA	confident
1373_2PJGZM_16	1490	Prevotella_melaninogenica_ref	1448	0.96376	0.98204	60	NA	NA	confident
1971_2PJGZM_16	1370	Veillonella_parvula_ref	610	0.44526	0.99344	60	Bacteroides_thetaiotaomicron_ref	92	unassigned
2125_2PJGZM_16	1496	Prevotella_melaninogenica_ref	1448	0.96791	0.99171	60	NA	NA	confident
1983_2PJGZM_16	1465	Bacteroides_thetaiotaomicron_ref	1442	0.98362	0.99792	60	NA	NA	confident
1990_2PJGZM_16	1525	Veillonella_parvula_ref	1480	0.96918	0.99595	60	NA	NA	confident
1383_2PJGZM_16	1415	Prevotella_melaninogenica_ref	1385	0.97809	0.99783	60	NA	NA	confident
3128_2PJGZM_16	1491	Prevotella_melaninogenica_ref	1450	0.96781	0.98345	60	NA	NA	confident
1982_2PJGZM_16	1526	Veillonella_parvula_ref	1480	0.96920	0.99865	60	NA	NA	confident
2135_2PJGZM_16	1495	Prevotella_melaninogenica_ref	1454	0.96789	0.98143	60	NA	NA	confident
1992_2PJGZM_16	1491	Prevotella_melaninogenica_ref	1458	0.96781	0.94033	60	NA	NA	confident
2256_2PJGZM_16	1356	Veillonella_parvula_ref	1332	0.98156	0.99775	60	NA	NA	confident
1389_2PJGZM_16	1496	Bacteroides_thetaiotaomicron_ref	1255	0.83021	0.92112	60	NA	NA	confident
2002_2PJGZM_16	1494	Prevotella_melaninogenica_ref	1449	0.96787	0.99448	60	NA	NA	confident
1396_2PJGZM_16	1495	Prevotella_melaninogenica_ref	1447	0.96789	0.99931	60	NA	NA	confident
2264_2PJGZM_16	1494	Bacteroides_thetaiotaomicron_ref	1460	0.96787	0.93699	60	NA	NA	confident
3162_2PJGZM_16	1527	Veillonella_parvula_ref	1480	0.96922	0.99459	60	NA	NA	confident
2162_2PJGZM_16	1491	Bacteroides_thetaiotaomicron_ref	1446	0.96781	0.99101	60	NA	NA	confident
2137_2PJGZM_16	1520	Veillonella_parvula_ref	1484	0.96908	0.98181	60	NA	NA	confident
2016_2PJGZM_16	1530	Veillonella_parvula_ref	1489	0.96928	0.98388	60	NA	NA	confident
3175_2PJGZM_16	1528	Veillonella_parvula_ref	1482	0.96924	0.99528	60	NA	NA	confident
2030_2PJGZM_16	1489	Bacteroides_thetaiotaomicron_ref	1453	0.96776	0.93531	60	Prevotella_melaninogenica_ref	324	confident
2037_2PJGZM_16	1530	Veillonella_parvula_ref	1483	0.96928	0.99663	60	NA	NA	confident
2047_2PJGZM_16	1522	Veillonella_parvula_ref	1481	0.96912	0.99122	60	NA	NA	confident
2061_2PJGZM_16	1489	Bacteroides_thetaiotaomicron_ref	1447	0.96776	0.98825	60	NA	NA	confident
1403_2PJGZM_16	1526	Veillonella_parvula_ref	1480	0.96920	0.99730	60	NA	NA	confident
2280_2PJGZM_16	1494	Prevotella_melaninogenica_ref	1448	0.96854	0.99517	60	NA	NA	confident
3200_2PJGZM_16	1524	Veillonella_parvula_ref	1481	0.96916	0.99257	60	NA	NA	confident
2163_2PJGZM_16	1488	Bacteroides_thetaiotaomicron_ref	1461	0.96774	0.93224	60	NA	NA	confident
3211_2PJGZM_16	1496	Prevotella_melaninogenica_ref	1448	0.96791	0.99309	60	NA	NA	confident
3233_2PJGZM_16	1486	Prevotella_melaninogenica_ref	1448	0.97376	0.99586	60	NA	NA	confident
2288_2PJGZM_16	1511	Veillonella_parvula_ref	1273	0.83124	0.92223	60	NA	NA	confident
2297_2PJGZM_16	1493	Prevotella_melaninogenica_ref	1459	0.96785	0.94106	60	NA	NA	confident
2225_2PJGZM_16	1483	Prevotella_melaninogenica_ref	1447	0.97572	0.99862	60	NA	NA	confident
1413_2PJGZM_16	1492	Prevotella_melaninogenica_ref	1448	0.96783	0.99378	60	NA	NA	confident
1418_2PJGZM_16	1492	Prevotella_melaninogenica_ref	1447	0.96783	0.99654	60	NA	NA	confident
2305_2PJGZM_16	1497	Prevotella_melaninogenica_ref	1466	0.96794	0.93315	60	NA	NA	confident
2083_2PJGZM_16	1499	Prevotella_melaninogenica_ref	1451	0.96798	0.99449	60	NA	NA	confident
2317_2PJGZM_16	1529	Veillonella_parvula_ref	1483	0.96926	0.99191	60	NA	NA	confident
3246_2PJGZM_16	1221	Bacteroides_thetaiotaomicron_ref	615	0.50369	0.99187	60	NA	NA	unassigned
2235_2PJGZM_16	1527	Veillonella_parvula_ref	1480	0.96922	0.99662	60	NA	NA	confident
2245_2PJGZM_16	1494	Bacteroides_thetaiotaomicron_ref	1462	0.96653	0.93023	60	NA	NA	confident
2092_2PJGZM_16	1528	Veillonella_parvula_ref	1481	0.96924	0.99595	60	NA	NA	confident
2054_2PJGZM_16	1483	Prevotella_melaninogenica_ref	1448	0.97572	0.99724	60	NA	NA	confident
1427_2PJGZM_16	1499	Prevotella_melaninogenica_ref	1453	0.96798	0.98830	60	NA	NA	confident
2254_2PJGZM_16	1528	Veillonella_parvula_ref	1481	0.96924	0.99257	60	NA	NA	confident
1432_2PJGZM_16	1506	Bacteroides_thetaiotaomicron_ref	1407	0.92430	0.91471	60	NA	NA	confident
2262_2PJGZM_16	1503	Bacteroides_thetaiotaomicron_ref	1244	0.82502	0.96704	60	NA	NA	confident
2059_2PJGZM_16	1485	Bacteroides_thetaiotaomicron_ref	1448	0.96768	0.98688	60	NA	NA	confident
3255_2PJGZM_16	1477	Bacteroides_thetaiotaomicron_ref	1449	0.97495	0.98275	60	NA	NA	confident
1440_2PJGZM_16	1493	Bacteroides_thetaiotaomicron_ref	1457	0.96785	0.94921	60	NA	NA	confident
1452_2PJGZM_16	1517	Veillonella_parvula_ref	1481	0.97627	0.99730	60	NA	NA	confident
1458_2PJGZM_16	1526	Veillonella_parvula_ref	1482	0.96920	0.99258	60	NA	NA	confident
1464_2PJGZM_16	1507	Veillonella_parvula_ref	1480	0.98208	0.99797	60	NA	NA	confident
1470_2PJGZM_16	1490	Prevotella_melaninogenica_ref	1449	0.96779	0.98482	60	NA	NA	confident
2109_2PJGZM_16	1528	Veillonella_parvula_ref	1480	0.96728	0.99459	60	NA	NA	confident
2075_2PJGZM_16	1485	Veillonella_parvula_ref	1419	0.93064	0.95842	60	NA	NA	confident
3290_2PJGZM_16	1515	Veillonella_parvula_ref	1489	0.96766	0.94291	60	NA	NA	confident
1473_2PJGZM_16	1480	Prevotella_melaninogenica_ref	1453	0.97635	0.97866	60	NA	NA	confident
2328_2PJGZM_16	1530	Veillonella_parvula_ref	1484	0.96928	0.99124	60	NA	NA	confident
2224_2PJGZM_16	1496	Prevotella_melaninogenica_ref	1447	0.96725	0.99862	60	NA	NA	confident
1477_2PJGZM_16	1523	Veillonella_parvula_ref	1485	0.96914	0.98519	60	NA	NA	confident
3303_2PJGZM_16	1487	Prevotella_melaninogenica_ref	1450	0.96772	0.94966	60	NA	NA	confident
2084_2PJGZM_16	1514	Veillonella_parvula_ref	1483	0.97886	0.99393	60	NA	NA	confident
1488_2PJGZM_16	1504	Prevotella_melaninogenica_ref	1416	0.92886	0.90819	60	NA	NA	confident
2279_2PJGZM_16	1494	Prevotella_melaninogenica_ref	1447	0.96787	0.99654	60	NA	NA	confident
2289_2PJGZM_16	1526	Veillonella_parvula_ref	1481	0.96920	0.98852	60	NA	NA	confident
2122_2PJGZM_16	1497	Bacteroides_thetaiotaomicron_ref	1450	0.96794	0.98897	60	NA	NA	confident
2234_2PJGZM_16	1482	Prevotella_melaninogenica_ref	1447	0.97503	0.99724	60	NA	NA	confident
2338_2PJGZM_16	1496	Prevotella_melaninogenica_ref	1448	0.96791	0.99862	60	NA	NA	confident
2300_2PJGZM_16	1526	Veillonella_parvula_ref	1480	0.96920	0.99257	60	NA	NA	confident
2243_2PJGZM_16	1519	Veillonella_parvula_ref	1435	0.92429	0.90523	60	NA	NA	confident
2314_2PJGZM_16	1241	Prevotella_melaninogenica_ref	581	0.46817	0.95869	60	NA	NA	unassigned
2352_2PJGZM_16	1518	Veillonella_parvula_ref	759	0.49934	0.98814	60	NA	NA	unassigned
2251_2PJGZM_16	1491	Bacteroides_thetaiotaomicron_ref	1459	0.96781	0.94654	60	NA	NA	confident
2324_2PJGZM_16	1584	Veillonella_parvula_ref	1482	0.93497	0.99123	60	NA	NA	confident
3314_2PJGZM_16	1516	Veillonella_parvula_ref	1480	0.97625	0.99527	60	NA	NA	confident
2363_2PJGZM_16	1522	Veillonella_parvula_ref	1484	0.97109	0.98854	60	NA	NA	confident
2334_2PJGZM_16	1497	Prevotella_melaninogenica_ref	1462	0.96794	0.94323	60	NA	NA	confident
3325_2PJGZM_16	1493	Prevotella_melaninogenica_ref	1448	0.96785	0.99517	60	NA	NA	confident
2346_2PJGZM_16	1508	Prevotella_melaninogenica_ref	1419	0.92905	0.86399	60	Bacteroides_thetaiotaomicron_ref	86	confident
2261_2PJGZM_16	1491	Bacteroides_thetaiotaomicron_ref	1449	0.96781	0.98689	60	NA	NA	confident
2101_2PJGZM_16	1211	Prevotella_melaninogenica_ref	632	0.52188	0.99684	60	NA	NA	unassigned
2381_2PJGZM_16	1527	Veillonella_parvula_ref	1483	0.96922	0.99191	60	NA	NA	confident
2112_2PJGZM_16	1528	Veillonella_parvula_ref	1483	0.96924	0.99123	60	NA	NA	confident
2124_2PJGZM_16	1774	Bacteroides_thetaiotaomicron_ref	870	0.48873	0.99080	60	NA	NA	unassigned
3362_2PJGZM_16	1259	Veillonella_parvula_ref	724	0.57347	0.99171	60	NA	NA	unassigned
2179_2PJGZM_16	1485	Prevotella_melaninogenica_ref	1450	0.97643	0.99724	60	NA	NA	confident
2278_2PJGZM_16	1512	Veillonella_parvula_ref	1438	0.93651	0.88665	49	NA	NA	confident
2139_2PJGZM_16	1495	Prevotella_melaninogenica_ref	1447	0.96789	0.99724	60	NA	NA	confident
2367_2PJGZM_16	1519	Veillonella_parvula_ref	1435	0.93680	0.90732	60	NA	NA	confident
2379_2PJGZM_16	1480	Prevotella_melaninogenica_ref	1447	0.97770	0.99793	60	NA	NA	confident
3377_2PJGZM_16	1533	Bacteroides_thetaiotaomicron_ref	1446	0.94260	0.99723	60	NA	NA	confident
2151_2PJGZM_16	1356	Veillonella_parvula_ref	627	0.46165	0.98565	60	NA	NA	unassigned
2187_2PJGZM_16	1493	Bacteroides_thetaiotaomicron_ref	1449	0.96785	0.98827	60	NA	NA	confident
1516_2PJGZM_16	1502	Prevotella_melaninogenica_ref	1451	0.96471	0.99035	60	NA	NA	confident
2419_2PJGZM_16	1526	Veillonella_parvula_ref	1480	0.96920	0.99865	60	NA	NA	confident
3389_2PJGZM_16	1493	Bacteroides_thetaiotaomicron_ref	1452	0.96785	0.98485	60	NA	NA	confident
2388_2PJGZM_16	1495	Prevotella_melaninogenica_ref	1447	0.96789	0.99931	60	NA	NA	confident
2292_2PJGZM_16	1228	Bacteroides_thetaiotaomicron_ref	613	0.49756	0.97879	60	Veillonella_parvula_ref	82	unassigned
1518_2PJGZM_16	1475	Prevotella_melaninogenica_ref	1459	0.97288	0.91707	60	Bacteroides_thetaiotaomicron_ref	192	confident
2173_2PJGZM_16	1527	Veillonella_parvula_ref	1480	0.96922	0.99865	60	NA	NA	confident
2197_2PJGZM_16	1510	Veillonella_parvula_ref	1480	0.97881	0.99459	60	NA	NA	confident
2301_2PJGZM_16	1516	Veillonella_parvula_ref	1480	0.97625	0.99797	60	NA	NA	confident
3404_2PJGZM_16	1486	Prevotella_melaninogenica_ref	1448	0.96770	0.98757	60	NA	NA	confident
2397_2PJGZM_16	1512	Veillonella_parvula_ref	1264	0.83201	0.98022	60	NA	NA	confident
2408_2PJGZM_16	1501	Bacteroides_thetaiotaomicron_ref	1469	0.96802	0.93397	60	NA	NA	confident
2443_2PJGZM_16	1511	Veillonella_parvula_ref	1480	0.97750	0.99459	60	NA	NA	confident
2418_2PJGZM_16	1492	Veillonella_parvula_ref	1415	0.93298	0.95618	60	NA	NA	confident
1522_2PJGZM_16	1498	Bacteroides_thetaiotaomicron_ref	1452	0.96796	0.99174	60	NA	NA	confident
2191_2PJGZM_16	1466	Bacteroides_thetaiotaomicron_ref	1454	0.98363	0.93604	60	Prevotella_melaninogenica_ref	280	confident
2452_2PJGZM_16	1530	Veillonella_parvula_ref	1455	0.93660	0.86186	0	Prevotella_melaninogenica_ref	72	unassigned
2426_2PJGZM_16	1491	Bacteroides_thetaiotaomicron_ref	1450	0.96915	0.99034	60	NA	NA	confident
3419_2PJGZM_16	1494	Prevotella_melaninogenica_ref	1447	0.96787	0.99724	60	NA	NA	confident
2441_2PJGZM_16	1527	Veillonella_parvula_ref	1482	0.96922	0.99393	60	NA	NA	confident
2464_2PJGZM_16	1595	Veillonella_parvula_ref	1483	0.92978	0.99326	60	NA	NA	confident
2455_2PJGZM_16	1257	Bacteroides_thetaiotaomicron_ref	1193	0.93954	0.89774	55	NA	NA	unassigned
3437_2PJGZM_16	1506	Bacteroides_thetaiotaomicron_ref	1255	0.82537	0.92590	60	NA	NA	confident
2320_2PJGZM_16	1484	Prevotella_melaninogenica_ref	1449	0.97507	0.99241	60	NA	NA	confident
2326_2PJGZM_16	1513	Veillonella_parvula_ref	1484	0.97687	0.98585	60	NA	NA	confident
2467_2PJGZM_16	1495	Prevotella_melaninogenica_ref	1461	0.96789	0.96509	60	NA	NA	confident
2206_2PJGZM_16	1525	Veillonella_parvula_ref	1481	0.96918	0.99257	60	NA	NA	confident
2226_2PJGZM_16	1527	Veillonella_parvula_ref	1483	0.96922	0.99461	60	NA	NA	confident
2216_2PJGZM_16	1529	Veillonella_parvula_ref	1482	0.96926	0.99190	60	NA	NA	confident
2482_2PJGZM_16	1529	Veillonella_parvula_ref	1483	0.96926	0.98989	60	NA	NA	confident
2238_2PJGZM_16	1495	Bacteroides_thetaiotaomicron_ref	1448	0.96789	0.99655	60	NA	NA	confident
2340_2PJGZM_16	1482	Bacteroides_thetaiotaomicron_ref	1450	0.96761	0.97517	60	NA	NA	confident
2353_2PJGZM_16	1527	Veillonella_parvula_ref	1480	0.96922	0.99932	60	NA	NA	confident
2255_2PJGZM_16	1368	Prevotella_melaninogenica_ref	687	0.50000	0.92140	16	Bacteroides_thetaiotaomicron_ref	86	unassigned
2498_2PJGZM_16	1489	Prevotella_melaninogenica_ref	1447	0.96844	0.99240	60	NA	NA	confident
2504_2PJGZM_16	1473	Bacteroides_thetaiotaomicron_ref	1450	0.98371	0.98966	60	NA	NA	confident
2242_2PJGZM_16	1526	Veillonella_parvula_ref	1482	0.96920	0.99190	60	NA	NA	confident
2263_2PJGZM_16	1211	Veillonella_parvula_ref	1199	0.98927	0.99333	60	NA	NA	unassigned
2496_2PJGZM_16	1516	Veillonella_parvula_ref	1432	0.93668	0.90992	60	NA	NA	confident
2374_2PJGZM_16	1527	Veillonella_parvula_ref	1482	0.96922	0.99190	60	NA	NA	confident
2508_2PJGZM_16	1499	Prevotella_melaninogenica_ref	1451	0.96798	0.99311	60	NA	NA	confident
2512_2PJGZM_16	1506	Veillonella_parvula_ref	1480	0.98074	0.99392	60	NA	NA	confident
2523_2PJGZM_16	1513	Veillonella_parvula_ref	1437	0.93655	0.88379	60	Prevotella_melaninogenica_ref	310	confident
2383_2PJGZM_16	1235	Bacteroides_thetaiotaomicron_ref	649	0.52470	0.99846	60	NA	NA	unassigned
2250_2PJGZM_16	1513	Veillonella_parvula_ref	1212	0.79445	0.90842	60	Prevotella_melaninogenica_ref	218	unassigned
2389_2PJGZM_16	1492	Prevotella_melaninogenica_ref	1447	0.96783	0.99309	60	NA	NA	confident
2259_2PJGZM_16	1491	Bacteroides_thetaiotaomicron_ref	1456	0.96781	0.92651	60	Prevotella_melaninogenica_ref	148	confident
2271_2PJGZM_16	1490	Bacteroides_thetaiotaomicron_ref	1459	0.96779	0.93763	60	NA	NA	confident
2396_2PJGZM_16	1495	Prevotella_melaninogenica_ref	1447	0.96789	0.99585	60	NA	NA	confident
2267_2PJGZM_16	1491	Bacteroides_thetaiotaomicron_ref	1243	0.83300	0.98311	60	NA	NA	confident
2284_2PJGZM_16	1525	Veillonella_parvula_ref	1482	0.96918	0.99190	60	NA	NA	confident
2527_2PJGZM_16	1490	Bacteroides_thetaiotaomicron_ref	1458	0.96779	0.94513	60	NA	NA	confident
2285_2PJGZM_16	1482	Bacteroides_thetaiotaomicron_ref	1466	0.97773	0.92565	60	Prevotella_melaninogenica_ref	196	confident
2544_2PJGZM_16	1490	Prevotella_melaninogenica_ref	1453	0.96779	0.95664	60	NA	NA	confident
2409_2PJGZM_16	1481	Bacteroides_thetaiotaomicron_ref	1448	0.97704	0.99517	60	NA	NA	confident
3465_2PJGZM_16	1494	Prevotella_melaninogenica_ref	1459	0.96787	0.94174	60	NA	NA	confident
2420_2PJGZM_16	1516	Veillonella_parvula_ref	1410	0.92612	0.93404	60	NA	NA	confident
2293_2PJGZM_16	1505	Bacteroides_thetaiotaomicron_ref	1404	0.92492	0.89815	60	NA	NA	confident
3480_2PJGZM_16	1217	Bacteroides_thetaiotaomicron_ref	1194	0.97946	0.98660	60	NA	NA	unassigned
2548_2PJGZM_16	1489	Prevotella_melaninogenica_ref	1397	0.93821	0.99571	60	NA	NA	confident
1566_2PJGZM_16	1493	Prevotella_melaninogenica_ref	1456	0.96785	0.95055	60	NA	NA	confident
2553_2PJGZM_16	1482	Prevotella_melaninogenica_ref	1449	0.97773	0.99793	60	NA	NA	confident
1572_2PJGZM_16	1497	Prevotella_melaninogenica_ref	1450	0.96794	0.99448	60	NA	NA	confident
3490_2PJGZM_16	1491	Prevotella_melaninogenica_ref	1446	0.96848	0.99793	60	NA	NA	confident
3503_2PJGZM_16	1511	Veillonella_parvula_ref	1480	0.97948	0.99865	60	NA	NA	confident
2304_2PJGZM_16	1550	Veillonella_parvula_ref	1487	0.95548	0.98386	60	NA	NA	confident
2294_2PJGZM_16	1515	Veillonella_parvula_ref	1481	0.97756	0.99527	60	NA	NA	confident
2302_2PJGZM_16	1493	Prevotella_melaninogenica_ref	1450	0.96852	0.99448	60	NA	NA	confident
2315_2PJGZM_16	1261	Bacteroides_thetaiotaomicron_ref	678	0.53291	0.97050	60	Fusobacterium_nucleatum_ref	556	unassigned
2435_2PJGZM_16	1495	Prevotella_melaninogenica_ref	1448	0.96789	0.99655	60	NA	NA	confident
2331_2PJGZM_16	1533	Veillonella_parvula_ref	1480	0.96477	0.99392	60	NA	NA	confident
2456_2PJGZM_16	1530	Veillonella_parvula_ref	1485	0.96928	0.99192	60	NA	NA	confident
2465_2PJGZM_16	1512	Veillonella_parvula_ref	1480	0.97884	0.99595	60	NA	NA	confident
2565_2PJGZM_16	1528	Veillonella_parvula_ref	1482	0.96924	0.99393	60	NA	NA	confident
2570_2PJGZM_16	1497	Prevotella_melaninogenica_ref	1460	0.96794	0.96712	60	NA	NA	confident
1589_2PJGZM_16	1486	Bacteroides_thetaiotaomicron_ref	1447	0.96770	0.99032	60	NA	NA	confident
2313_2PJGZM_16	1494	Prevotella_melaninogenica_ref	1447	0.96787	0.99724	60	NA	NA	confident
2480_2PJGZM_16	1493	Prevotella_melaninogenica_ref	1408	0.93637	0.86577	60	Veillonella_parvula_ref	222	confident
2332_2PJGZM_16	1706	NA	NA	NA	NA	NA	NA	NA	unassigned
2344_2PJGZM_16	1515	Veillonella_parvula_ref	1480	0.97690	0.99865	60	NA	NA	confident
2576_2PJGZM_16	1492	Prevotella_melaninogenica_ref	1447	0.96783	0.99724	60	NA	NA	confident
1603_2PJGZM_16	1496	Prevotella_melaninogenica_ref	1448	0.96791	0.99793	60	NA	NA	confident
2358_2PJGZM_16	1579	Bacteroides_thetaiotaomicron_ref	1453	0.91134	0.95595	60	NA	NA	confident
2505_2PJGZM_16	1489	Prevotella_melaninogenica_ref	1404	0.93687	0.92949	60	NA	NA	confident
2518_2PJGZM_16	1488	Prevotella_melaninogenica_ref	1450	0.96774	0.97931	60	NA	NA	confident
2529_2PJGZM_16	1527	Veillonella_parvula_ref	1481	0.96922	0.99595	60	NA	NA	confident
2373_2PJGZM_16	1529	Veillonella_parvula_ref	1483	0.96926	0.99326	60	NA	NA	confident
1614_2PJGZM_16	1514	Veillonella_parvula_ref	1268	0.83289	0.96924	60	NA	NA	confident
2386_2PJGZM_16	1503	Veillonella_parvula_ref	1434	0.94478	0.93724	60	NA	NA	confident
2395_2PJGZM_16	1488	Bacteroides_thetaiotaomicron_ref	1447	0.96774	0.98963	60	NA	NA	confident
2593_2PJGZM_16	1493	Prevotella_melaninogenica_ref	1446	0.96718	0.99654	60	NA	NA	confident
2607_2PJGZM_16	1281	Prevotella_melaninogenica_ref	1266	0.98205	0.94708	58	NA	NA	confident
2356_2PJGZM_16	1487	Bacteroides_thetaiotaomicron_ref	1457	0.96772	0.94578	60	NA	NA	confident
1621_2PJGZM_16	1495	Prevotella_melaninogenica_ref	1469	0.96856	0.91899	60	Bacteroides_thetaiotaomicron_ref	42	confident
1628_2PJGZM_16	1494	Bacteroides_thetaiotaomicron_ref	1456	0.96787	0.95948	60	NA	NA	confident
2403_2PJGZM_16	1507	Veillonella_parvula_ref	1480	0.97877	0.99122	60	NA	NA	confident
2574_2PJGZM_16	1530	Veillonella_parvula_ref	1486	0.96928	0.98856	60	NA	NA	confident
2617_2PJGZM_16	1522	Veillonella_parvula_ref	1483	0.96912	0.98314	60	NA	NA	confident
2629_2PJGZM_16	1525	Veillonella_parvula_ref	1480	0.96918	0.99662	60	NA	NA	confident
2579_2PJGZM_16	1500	Veillonella_parvula_ref	1266	0.84067	0.97709	60	NA	NA	confident
3561_2PJGZM_16	1290	Prevotella_melaninogenica_ref	656	0.50853	1.00000	60	NA	NA	unassigned
2643_2PJGZM_16	1493	Bacteroides_thetaiotaomicron_ref	1446	0.96785	0.99447	60	NA	NA	confident
1635_2PJGZM_16	1493	Prevotella_melaninogenica_ref	1467	0.96785	0.91616	60	Bacteroides_thetaiotaomicron_ref	78	confident
2586_2PJGZM_16	1482	Prevotella_melaninogenica_ref	1448	0.97638	0.99724	60	NA	NA	confident
2653_2PJGZM_16	1513	Prevotella_melaninogenica_ref	1481	0.95902	0.87508	60	NA	NA	confident
2545_2PJGZM_16	1493	Bacteroides_thetaiotaomicron_ref	1446	0.96785	0.99723	60	NA	NA	confident
1652_2PJGZM_16	1415	Prevotella_melaninogenica_ref	1459	0.96678	0.86155	60	Bacteroides_thetaiotaomicron_ref	184	confident
2606_2PJGZM_16	1446	Prevotella_melaninogenica_ref	1427	0.98409	0.99369	60	NA	NA	confident
2669_2PJGZM_16	1531	Veillonella_parvula_ref	1485	0.96930	0.99394	60	NA	NA	confident
2567_2PJGZM_16	1495	Bacteroides_thetaiotaomicron_ref	1458	0.96789	0.95679	60	NA	NA	confident
3602_2PJGZM_16	1491	Bacteroides_thetaiotaomicron_ref	1447	0.96781	0.99240	60	NA	NA	confident
2416_2PJGZM_16	1514	Veillonella_parvula_ref	1433	0.93659	0.90928	60	NA	NA	confident
2425_2PJGZM_16	1498	Bacteroides_thetaiotaomicron_ref	1464	0.96796	0.92623	60	Prevotella_melaninogenica_ref	234	confident
2615_2PJGZM_16	1490	Bacteroides_thetaiotaomicron_ref	1460	0.96779	0.94247	60	NA	NA	confident
2382_2PJGZM_16	1517	Veillonella_parvula_ref	1425	0.93210	0.90386	60	NA	NA	confident
2448_2PJGZM_16	1493	Prevotella_melaninogenica_ref	1447	0.96785	0.99585	60	NA	NA	confident
2676_2PJGZM_16	1491	Bacteroides_thetaiotaomicron_ref	1446	0.96781	0.99447	60	NA	NA	confident
2578_2PJGZM_16	1523	Veillonella_parvula_ref	1481	0.96914	0.99325	60	NA	NA	confident
2587_2PJGZM_16	1344	Veillonella_parvula_ref	1322	0.98214	0.99546	60	NA	NA	confident
1661_2PJGZM_16	1488	Prevotella_melaninogenica_ref	1452	0.96774	0.95937	60	NA	NA	confident
2641_2PJGZM_16	1201	Prevotella_melaninogenica_ref	1177	0.97918	0.99915	60	NA	NA	unassigned
2391_2PJGZM_16	1483	Bacteroides_thetaiotaomicron_ref	1451	0.96763	0.98139	60	NA	NA	confident
1674_2PJGZM_16	1495	Prevotella_melaninogenica_ref	1448	0.96789	0.99033	60	NA	NA	confident
2398_2PJGZM_16	1517	Veillonella_parvula_ref	1483	0.97561	0.98719	60	NA	NA	confident
3614_2PJGZM_16	1505	Prevotella_melaninogenica_ref	1404	0.92957	0.95513	60	NA	NA	confident
2683_2PJGZM_16	1482	Fusobacterium_nucleatum_ref	1436	0.96761	0.99791	60	NA	NA	confident
2650_2PJGZM_16	1259	Veillonella_parvula_ref	1238	0.98173	0.99192	60	NA	NA	confident
2479_2PJGZM_16	1516	Veillonella_parvula_ref	1486	0.97823	0.98587	60	NA	NA	confident
3624_2PJGZM_16	1515	Veillonella_parvula_ref	1481	0.96898	0.98515	60	NA	NA	confident
2485_2PJGZM_16	1527	Veillonella_parvula_ref	1483	0.96922	0.99258	60	NA	NA	confident
2661_2PJGZM_16	1787	Veillonella_parvula_ref	904	0.50364	0.99004	60	NA	NA	unassigned
1687_2PJGZM_16	1491	Prevotella_melaninogenica_ref	1457	0.96982	0.94441	60	NA	NA	confident
2501_2PJGZM_16	1544	Bacteroides_thetaiotaomicron_ref	1446	0.93459	0.99170	60	NA	NA	confident
1695_2PJGZM_16	1528	Veillonella_parvula_ref	1481	0.96924	0.99662	60	NA	NA	confident
2673_2PJGZM_16	1494	Bacteroides_thetaiotaomicron_ref	1453	0.96787	0.98899	60	NA	NA	confident
2511_2PJGZM_16	1536	Veillonella_parvula_ref	1485	0.96680	0.99461	60	NA	NA	confident
2680_2PJGZM_16	1495	Prevotella_melaninogenica_ref	1448	0.96789	0.99655	60	NA	NA	confident
2519_2PJGZM_16	1526	Veillonella_parvula_ref	1481	0.97051	0.99730	60	NA	NA	confident
2415_2PJGZM_16	1516	Veillonella_parvula_ref	1420	0.93140	0.98028	60	NA	NA	confident
2699_2PJGZM_16	1520	Veillonella_parvula_ref	1425	0.93684	0.98877	60	NA	NA	confident
2602_2PJGZM_16	1493	Bacteroides_thetaiotaomicron_ref	1446	0.96785	0.99723	60	NA	NA	confident
2693_2PJGZM_16	1259	Prevotella_melaninogenica_ref	930	0.73789	0.98817	60	Veillonella_parvula_ref	1466	unassigned
3667_2PJGZM_16	1528	Veillonella_parvula_ref	1483	0.96924	0.99393	60	NA	NA	confident
1699_2PJGZM_16	1548	Prevotella_melaninogenica_ref	1448	0.93088	0.98964	60	NA	NA	confident
2531_2PJGZM_16	1494	Bacteroides_thetaiotaomicron_ref	1448	0.96720	0.99586	60	NA	NA	confident
2704_2PJGZM_16	1489	Prevotella_melaninogenica_ref	1451	0.97448	0.99104	60	NA	NA	confident
1712_2PJGZM_16	1527	Veillonella_parvula_ref	1480	0.96922	0.99459	60	NA	NA	confident
2713_2PJGZM_16	1473	Prevotella_melaninogenica_ref	1454	0.97692	0.97662	60	NA	NA	confident
2427_2PJGZM_16	1205	Bacteroides_thetaiotaomicron_ref	1185	0.97925	0.94684	60	Prevotella_melaninogenica_ref	402	unassigned
2710_2PJGZM_16	1494	Bacteroides_thetaiotaomicron_ref	1459	0.96787	0.94654	60	NA	NA	confident
2718_2PJGZM_16	1503	Veillonella_parvula_ref	1286	0.83566	0.86392	60	Prevotella_melaninogenica_ref	122	confident
2611_2PJGZM_16	1493	Bacteroides_thetaiotaomicron_ref	1446	0.96785	0.99862	60	NA	NA	confident
2721_2PJGZM_16	1477	Bacteroides_thetaiotaomicron_ref	1446	0.97766	0.99378	60	NA	NA	confident
1724_2PJGZM_16	1516	Veillonella_parvula_ref	1482	0.97691	0.99730	60	NA	NA	confident
3690_2PJGZM_16	1492	Bacteroides_thetaiotaomicron_ref	1446	0.96783	0.99585	60	NA	NA	confident
3698_2PJGZM_16	1491	Prevotella_melaninogenica_ref	1447	0.96848	0.99585	60	NA	NA	confident
2620_2PJGZM_16	1494	Prevotella_melaninogenica_ref	1450	0.96787	0.96138	60	NA	NA	confident
2737_2PJGZM_16	1490	Prevotella_melaninogenica_ref	1459	0.96779	0.94106	60	NA	NA	confident
2551_2PJGZM_16	1496	Prevotella_melaninogenica_ref	1462	0.96791	0.94186	60	NA	NA	confident
2762_2PJGZM_16	1504	Fusobacterium_nucleatum_ref	1458	0.95878	0.87311	60	NA	NA	confident
1738_2PJGZM_16	1512	Prevotella_melaninogenica_ref	1448	0.95767	0.99793	60	NA	NA	confident
2445_2PJGZM_16	1498	Prevotella_melaninogenica_ref	1453	0.96796	0.98968	60	NA	NA	confident
2739_2PJGZM_16	1515	Veillonella_parvula_ref	1428	0.93201	0.91597	60	NA	NA	confident
2638_2PJGZM_16	1509	Bacteroides_thetaiotaomicron_ref	1401	0.91650	0.88223	51	NA	NA	confident
2745_2PJGZM_16	1485	Bacteroides_thetaiotaomicron_ref	1448	0.96768	0.98550	60	NA	NA	confident
2758_2PJGZM_16	1527	Veillonella_parvula_ref	1486	0.96922	0.98789	60	NA	NA	confident
1753_2PJGZM_16	1495	Prevotella_melaninogenica_ref	1447	0.96789	0.99654	60	NA	NA	confident
2648_2PJGZM_16	1518	Veillonella_parvula_ref	1481	0.96904	0.98717	60	NA	NA	confident
1759_2PJGZM_16	1400	Bacteroides_thetaiotaomicron_ref	737	0.52571	0.99864	60	NA	NA	unassigned
2461_2PJGZM_16	1492	Prevotella_melaninogenica_ref	1449	0.96783	0.99172	60	NA	NA	confident
3731_2PJGZM_16	1518	Veillonella_parvula_ref	1483	0.96904	0.98179	60	NA	NA	confident
2767_2PJGZM_16	1540	Prevotella_melaninogenica_ref	1472	0.94286	0.90829	60	Bacteroides_thetaiotaomicron_ref	100	confident
2658_2PJGZM_16	1492	Bacteroides_thetaiotaomicron_ref	1447	0.96917	0.99654	60	NA	NA	confident
2563_2PJGZM_16	1241	Bacteroides_thetaiotaomicron_ref	628	0.49557	0.93312	60	NA	NA	unassigned
2795_2PJGZM_16	1518	Veillonella_parvula_ref	1418	0.93215	0.96544	60	NA	NA	confident
2580_2PJGZM_16	1430	Fusobacterium_nucleatum_ref	722	0.50490	0.99861	60	NA	NA	unassigned
3755_2PJGZM_16	1522	Veillonella_parvula_ref	1482	0.96912	0.98988	60	NA	NA	confident
1770_2PJGZM_16	1495	Prevotella_melaninogenica_ref	1447	0.96789	0.99516	60	NA	NA	confident
2799_2PJGZM_16	1504	Veillonella_parvula_ref	1432	0.93883	0.91271	60	NA	NA	confident
3767_2PJGZM_16	1494	Prevotella_melaninogenica_ref	1456	0.96787	0.92926	60	Bacteroides_thetaiotaomicron_ref	202	confident
1792_2PJGZM_16	1490	Prevotella_melaninogenica_ref	1453	0.96779	0.97866	60	NA	NA	confident
1803_2PJGZM_16	1498	Prevotella_melaninogenica_ref	1467	0.96529	0.89502	59	NA	NA	confident
2590_2PJGZM_16	1500	Veillonella_parvula_ref	1485	0.96867	0.95017	60	NA	NA	confident
2672_2PJGZM_16	1526	Veillonella_parvula_ref	1480	0.96920	0.99730	60	NA	NA	confident
2476_2PJGZM_16	1526	Veillonella_parvula_ref	1480	0.96920	0.99122	60	NA	NA	confident
2604_2PJGZM_16	1527	Veillonella_parvula_ref	1480	0.96922	0.99595	60	NA	NA	confident
2613_2PJGZM_16	1495	Prevotella_melaninogenica_ref	1447	0.96789	0.99931	60	NA	NA	confident
1814_2PJGZM_16	1380	NA	NA	NA	NA	NA	NA	NA	unassigned
2489_2PJGZM_16	1520	Veillonella_parvula_ref	1483	0.96908	0.97775	60	NA	NA	confident
2812_2PJGZM_16	1492	Prevotella_melaninogenica_ref	1447	0.96783	0.99585	60	NA	NA	confident
2681_2PJGZM_16	1526	Veillonella_parvula_ref	1480	0.96920	0.99662	60	NA	NA	confident
3797_2PJGZM_16	1509	Veillonella_parvula_ref	1275	0.83300	0.93255	60	NA	NA	confident
1820_2PJGZM_16	1495	Prevotella_melaninogenica_ref	1447	0.96789	0.99931	60	NA	NA	confident
2502_2PJGZM_16	1494	Bacteroides_thetaiotaomicron_ref	1458	0.96787	0.93621	60	Prevotella_melaninogenica_ref	286	confident
1829_2PJGZM_16	1477	Prevotella_melaninogenica_ref	1455	0.97495	0.93402	60	Bacteroides_thetaiotaomicron_ref	288	confident
2515_2PJGZM_16	1525	Veillonella_parvula_ref	1480	0.96918	0.99730	60	NA	NA	confident
2826_2PJGZM_16	1517	Veillonella_parvula_ref	1429	0.93738	0.94052	60	NA	NA	confident
2800_2PJGZM_16	1495	Prevotella_melaninogenica_ref	1447	0.96789	1.00000	60	NA	NA	confident
2632_2PJGZM_16	1502	Bacteroides_thetaiotaomicron_ref	1472	0.96937	0.93954	60	NA	NA	confident
2646_2PJGZM_16	1488	Bacteroides_thetaiotaomicron_ref	1449	0.96774	0.98896	60	NA	NA	confident
2698_2PJGZM_16	1495	Prevotella_melaninogenica_ref	1447	0.96789	0.99862	60	NA	NA	confident
2705_2PJGZM_16	1526	Veillonella_parvula_ref	1482	0.96920	0.99393	60	NA	NA	confident
2714_2PJGZM_16	1526	Veillonella_parvula_ref	1484	0.96920	0.98854	60	NA	NA	confident
3809_2PJGZM_16	1286	Veillonella_parvula_ref	645	0.50078	0.98915	60	NA	NA	unassigned
1840_2PJGZM_16	1284	Bacteroides_thetaiotaomicron_ref	1262	0.98131	0.99525	60	NA	NA	confident
3823_2PJGZM_16	1536	Bacteroides_thetaiotaomicron_ref	1450	0.93685	0.98138	60	NA	NA	confident
1851_2PJGZM_16	1526	Veillonella_parvula_ref	1480	0.96920	0.99797	60	NA	NA	confident
2657_2PJGZM_16	1527	Veillonella_parvula_ref	1480	0.96922	0.99595	60	NA	NA	confident
2536_2PJGZM_16	1488	Bacteroides_thetaiotaomicron_ref	1450	0.96774	0.97448	60	NA	NA	confident
3835_2PJGZM_16	1487	Bacteroides_thetaiotaomicron_ref	1448	0.95831	0.94959	60	NA	NA	confident
2668_2PJGZM_16	1492	Bacteroides_thetaiotaomicron_ref	1446	0.96783	0.99516	60	NA	NA	confident
2557_2PJGZM_16	1529	Veillonella_parvula_ref	1486	0.96926	0.98789	60	NA	NA	confident
2825_2PJGZM_16	1492	Bacteroides_thetaiotaomicron_ref	1446	0.96783	0.99723	60	NA	NA	confident
3860_2PJGZM_16	1520	Veillonella_parvula_ref	1423	0.93224	0.98243	60	NA	NA	confident
2571_2PJGZM_16	1497	Prevotella_melaninogenica_ref	1449	0.96794	0.99448	60	NA	NA	confident
2675_2PJGZM_16	1485	Prevotella_melaninogenica_ref	1459	0.97576	0.95682	60	NA	NA	confident
2583_2PJGZM_16	1542	Veillonella_parvula_ref	1489	0.96433	0.98657	60	NA	NA	confident
1858_2PJGZM_16	1526	Veillonella_parvula_ref	1480	0.96920	0.99797	60	NA	NA	confident
2841_2PJGZM_16	1527	Veillonella_parvula_ref	1480	0.96922	0.99730	60	NA	NA	confident
2729_2PJGZM_16	1527	Veillonella_parvula_ref	1484	0.96922	0.98450	60	NA	NA	confident
2851_2PJGZM_16	1531	Veillonella_parvula_ref	1484	0.96930	0.99461	60	NA	NA	confident
2592_2PJGZM_16	1577	Bacteroides_thetaiotaomicron_ref	1458	0.91693	0.94787	60	NA	NA	confident
2771_2PJGZM_16	1516	Veillonella_parvula_ref	1426	0.93272	0.91164	60	NA	NA	confident
2868_2PJGZM_16	1495	Bacteroides_thetaiotaomicron_ref	1454	0.96789	0.95117	60	NA	NA	confident
1871_2PJGZM_16	1507	Veillonella_parvula_ref	1422	0.92502	0.93952	60	NA	NA	confident
2605_2PJGZM_16	1493	Bacteroides_thetaiotaomicron_ref	1447	0.96785	0.99585	60	NA	NA	confident
1889_2PJGZM_16	1498	Prevotella_melaninogenica_ref	1450	0.96796	0.99586	60	NA	NA	confident
2849_2PJGZM_16	1217	Bacteroides_thetaiotaomicron_ref	635	0.51602	0.92441	60	Prevotella_melaninogenica_ref	172	unassigned
2612_2PJGZM_16	1300	Veillonella_parvula_ref	631	0.48538	0.99683	60	NA	NA	unassigned
2856_2PJGZM_16	1498	Bacteroides_thetaiotaomicron_ref	1462	0.96796	0.93981	60	NA	NA	confident
1901_2PJGZM_16	1537	Veillonella_parvula_ref	1490	0.96942	0.98859	60	NA	NA	confident
1907_2PJGZM_16	1485	Bacteroides_thetaiotaomicron_ref	1446	0.96768	0.99032	60	NA	NA	confident
2884_2PJGZM_16	1484	Prevotella_melaninogenica_ref	1449	0.97439	0.98896	60	NA	NA	confident
1917_2PJGZM_16	1488	Prevotella_melaninogenica_ref	1458	0.96774	0.93347	60	NA	NA	confident
2893_2PJGZM_16	1495	Prevotella_melaninogenica_ref	1447	0.96789	0.99793	60	NA	NA	confident
2906_2PJGZM_16	1527	Veillonella_parvula_ref	1480	0.96922	0.99595	60	NA	NA	confident
2717_2PJGZM_16	1494	Prevotella_melaninogenica_ref	1446	0.96787	0.99793	60	NA	NA	confident
2796_2PJGZM_16	1516	Veillonella_parvula_ref	1263	0.83113	0.99367	60	NA	NA	confident
2926_2PJGZM_16	1480	Bacteroides_thetaiotaomicron_ref	1446	0.97635	0.99862	60	NA	NA	confident
1929_2PJGZM_16	1453	Prevotella_melaninogenica_ref	1457	0.98830	0.92931	60	NA	NA	confident
2805_2PJGZM_16	1527	Veillonella_parvula_ref	1480	0.96922	1.00000	60	NA	NA	confident
2886_2PJGZM_16	1526	Veillonella_parvula_ref	1480	0.96920	0.99662	60	NA	NA	confident
2898_2PJGZM_16	1497	Prevotella_melaninogenica_ref	1449	0.96794	0.99862	60	NA	NA	confident
1936_2PJGZM_16	1496	Prevotella_melaninogenica_ref	1449	0.96858	0.99862	60	NA	NA	confident
3927_2PJGZM_16	1527	Veillonella_parvula_ref	1482	0.96922	0.99595	60	NA	NA	confident
2948_2PJGZM_16	1529	Veillonella_parvula_ref	1485	0.96991	0.99327	60	NA	NA	confident
2814_2PJGZM_16	1492	Bacteroides_thetaiotaomicron_ref	1446	0.96850	0.99516	60	NA	NA	confident
2823_2PJGZM_16	1493	Prevotella_melaninogenica_ref	1450	0.96785	0.99241	60	NA	NA	confident
2639_2PJGZM_16	1496	Bacteroides_thetaiotaomicron_ref	1450	0.96791	0.99172	60	NA	NA	confident
2908_2PJGZM_16	1503	Prevotella_melaninogenica_ref	1455	0.96806	0.99107	60	NA	NA	confident
2741_2PJGZM_16	1490	Bacteroides_thetaiotaomicron_ref	1449	0.96779	0.95031	60	NA	NA	confident
3957_2PJGZM_16	1525	Veillonella_parvula_ref	1480	0.96918	0.99797	60	NA	NA	confident
2863_2PJGZM_16	1495	Prevotella_melaninogenica_ref	1452	0.96856	0.98691	60	NA	NA	confident
2959_2PJGZM_16	1498	Bacteroides_thetaiotaomicron_ref	1463	0.96729	0.93233	60	Prevotella_melaninogenica_ref	426	confident
2655_2PJGZM_16	1496	Prevotella_melaninogenica_ref	1448	0.96791	0.99724	60	NA	NA	confident
2935_2PJGZM_16	1485	Veillonella_parvula_ref	1419	0.92323	0.88584	60	Fusobacterium_nucleatum_ref	8	ambiguous
2970_2PJGZM_16	1488	Bacteroides_thetaiotaomicron_ref	1452	0.96774	0.98485	60	NA	NA	confident
2870_2PJGZM_16	1522	Veillonella_parvula_ref	1482	0.96912	0.98650	60	NA	NA	confident
2667_2PJGZM_16	1477	Bacteroides_thetaiotaomicron_ref	1451	0.97630	0.98484	60	NA	NA	confident
2674_2PJGZM_16	1523	Veillonella_parvula_ref	1480	0.96914	0.99257	60	NA	NA	confident
2768_2PJGZM_16	1477	Bacteroides_thetaiotaomicron_ref	1452	0.97495	0.98140	60	NA	NA	confident
2775_2PJGZM_16	1493	Prevotella_melaninogenica_ref	1408	0.93570	0.90909	60	NA	NA	confident
2985_2PJGZM_16	1524	Veillonella_parvula_ref	1480	0.96916	0.99459	60	NA	NA	confident
3994_2PJGZM_16	1495	Bacteroides_thetaiotaomicron_ref	1456	0.96789	0.93613	60	Prevotella_melaninogenica_ref	270	confident
2998_2PJGZM_16	1495	Prevotella_melaninogenica_ref	1448	0.96789	0.99309	60	NA	NA	confident
3006_2PJGZM_16	1392	Veillonella_parvula_ref	698	0.50144	0.99713	60	NA	NA	unassigned
3019_2PJGZM_16	1518	Veillonella_parvula_ref	1493	0.97892	0.97455	60	NA	NA	confident
2789_2PJGZM_16	1506	Prevotella_melaninogenica_ref	1458	0.96414	0.98560	60	NA	NA	confident
3028_2PJGZM_16	1497	Prevotella_melaninogenica_ref	1453	0.96794	0.98692	60	NA	NA	confident
4010_2PJGZM_16	1480	Bacteroides_thetaiotaomicron_ref	1465	0.97500	0.94676	60	NA	NA	confident
2980_2PJGZM_16	1529	Veillonella_parvula_ref	1486	0.96926	0.98385	60	NA	NA	confident
2807_2PJGZM_16	1506	Bacteroides_thetaiotaomicron_ref	1253	0.82470	0.92977	60	Prevotella_melaninogenica_ref	254	confident
4023_2PJGZM_16	1523	Veillonella_parvula_ref	1493	0.97439	0.97455	60	NA	NA	confident
3037_2PJGZM_16	1528	Veillonella_parvula_ref	1483	0.96924	0.99191	60	NA	NA	confident
2885_2PJGZM_16	1493	Bacteroides_thetaiotaomicron_ref	1447	0.96785	0.98756	60	NA	NA	confident
2697_2PJGZM_16	1369	Bacteroides_thetaiotaomicron_ref	1347	0.98320	0.99258	60	NA	NA	confident
2816_2PJGZM_16	1492	Prevotella_melaninogenica_ref	1453	0.96783	0.96972	60	NA	NA	confident
2989_2PJGZM_16	1493	Prevotella_melaninogenica_ref	1460	0.96785	0.94041	60	NA	NA	confident
2706_2PJGZM_16	1525	Veillonella_parvula_ref	1480	0.96918	0.99595	60	NA	NA	confident
2716_2PJGZM_16	1494	Prevotella_melaninogenica_ref	1459	0.96787	0.94311	60	NA	NA	confident
3045_2PJGZM_16	1487	Bacteroides_thetaiotaomicron_ref	1448	0.96907	0.98757	60	NA	NA	confident
2829_2PJGZM_16	1474	Bacteroides_thetaiotaomicron_ref	1464	0.96744	0.90710	60	Prevotella_melaninogenica_ref	190	confident
1964_2PJGZM_16	1490	Bacteroides_thetaiotaomicron_ref	1448	0.96779	0.99240	60	NA	NA	confident
4044_2PJGZM_16	1786	Bacteroides_thetaiotaomicron_ref	879	0.49160	0.99545	60	NA	NA	unassigned
2731_2PJGZM_16	1494	Bacteroides_thetaiotaomicron_ref	1449	0.96720	0.94962	60	NA	NA	confident
2997_2PJGZM_16	1489	Prevotella_melaninogenica_ref	1448	0.96776	0.99033	60	NA	NA	confident
3058_2PJGZM_16	1494	Prevotella_melaninogenica_ref	1447	0.96787	0.99654	60	NA	NA	confident
3066_2PJGZM_16	1471	Prevotella_melaninogenica_ref	1456	0.97893	0.94437	60	NA	NA	confident
3009_2PJGZM_16	1486	Prevotella_melaninogenica_ref	1447	0.96770	0.97858	60	NA	NA	confident
3015_2PJGZM_16	1546	Prevotella_melaninogenica_ref	1448	0.93661	0.99793	60	NA	NA	confident
4113_2PJGZM_16	1527	Veillonella_parvula_ref	1481	0.96922	0.99730	60	NA	NA	confident
2929_2PJGZM_16	1489	Bacteroides_thetaiotaomicron_ref	1447	0.96776	0.99309	60	NA	NA	confident
4127_2PJGZM_16	1488	Prevotella_melaninogenica_ref	1454	0.96774	0.93191	60	Bacteroides_thetaiotaomicron_ref	282	confident
1975_2PJGZM_16	1499	Bacteroides_thetaiotaomicron_ref	1453	0.96798	0.99243	60	NA	NA	confident
3024_2PJGZM_16	1505	Bacteroides_thetaiotaomicron_ref	1396	0.92425	0.94556	60	NA	NA	confident
1984_2PJGZM_16	1487	Bacteroides_thetaiotaomicron_ref	1448	0.96772	0.98826	60	NA	NA	confident
2854_2PJGZM_16	1499	Prevotella_melaninogenica_ref	1449	0.96598	0.98896	60	NA	NA	confident
2769_2PJGZM_16	1520	Veillonella_parvula_ref	1482	0.97368	0.98785	60	NA	NA	confident
4140_2PJGZM_16	1525	Veillonella_parvula_ref	1482	0.96918	0.99393	60	NA	NA	confident
2943_2PJGZM_16	1504	Prevotella_melaninogenica_ref	1413	0.92886	0.89030	60	NA	NA	confident
3033_2PJGZM_16	1504	Bacteroides_thetaiotaomicron_ref	1411	0.92420	0.89440	60	NA	NA	confident
2861_2PJGZM_16	1528	Veillonella_parvula_ref	1484	0.96924	0.99057	60	NA	NA	confident
3038_2PJGZM_16	1494	Prevotella_melaninogenica_ref	1447	0.96787	0.99585	60	NA	NA	confident
2887_2PJGZM_16	1511	Veillonella_parvula_ref	1434	0.93647	0.92678	60	NA	NA	confident
3043_2PJGZM_16	1527	Veillonella_parvula_ref	1481	0.96922	0.99257	60	NA	NA	confident
3074_2PJGZM_16	1492	Bacteroides_thetaiotaomicron_ref	1446	0.96783	0.99308	60	NA	NA	confident
2787_2PJGZM_16	1525	Veillonella_parvula_ref	1485	0.96918	0.98855	60	NA	NA	confident
2967_2PJGZM_16	1489	Bacteroides_thetaiotaomicron_ref	1446	0.96776	0.99308	60	NA	NA	confident
2978_2PJGZM_16	1527	Veillonella_parvula_ref	1480	0.96922	0.99730	60	NA	NA	confident
4191_2PJGZM_16	1497	Prevotella_melaninogenica_ref	1449	0.96794	0.99586	60	NA	NA	confident
1989_2PJGZM_16	1519	Veillonella_parvula_ref	1480	0.96906	0.99122	60	NA	NA	confident
4209_2PJGZM_16	1480	Bacteroides_thetaiotaomicron_ref	1446	0.97500	0.99447	60	NA	NA	confident
2797_2PJGZM_16	1527	Veillonella_parvula_ref	1482	0.96922	0.98988	60	NA	NA	confident
2804_2PJGZM_16	1483	Prevotella_melaninogenica_ref	1451	0.97640	0.98828	60	NA	NA	confident
3061_2PJGZM_16	1530	Veillonella_parvula_ref	1483	0.96928	0.99528	60	NA	NA	confident
2818_2PJGZM_16	1297	Veillonella_parvula_ref	1290	0.99460	0.99070	60	NA	NA	confident
3072_2PJGZM_16	1496	Prevotella_melaninogenica_ref	1448	0.96791	0.99309	60	NA	NA	confident
2912_2PJGZM_16	1505	Veillonella_parvula_ref	1263	0.83787	0.98733	60	NA	NA	confident
2830_2PJGZM_16	1526	Veillonella_parvula_ref	1480	0.96920	0.99324	60	NA	NA	confident
2008_2PJGZM_16	1516	Veillonella_parvula_ref	1430	0.93668	0.93077	60	NA	NA	confident
3080_2PJGZM_16	1524	Veillonella_parvula_ref	1480	0.96916	0.98851	60	NA	NA	confident
3101_2PJGZM_16	1398	Veillonella_parvula_ref	1377	0.98426	0.98983	60	NA	NA	confident
4292_2PJGZM_16	1500	Prevotella_melaninogenica_ref	1447	0.96400	0.99724	60	NA	NA	confident
2844_2PJGZM_16	1491	Prevotella_melaninogenica_ref	1462	0.96781	0.91792	60	Bacteroides_thetaiotaomicron_ref	90	confident
2927_2PJGZM_16	1526	Veillonella_parvula_ref	1480	0.96920	0.99324	60	NA	NA	confident
2014_2PJGZM_16	1481	Prevotella_melaninogenica_ref	1452	0.97704	0.99036	60	NA	NA	confident
2852_2PJGZM_16	1507	Bacteroides_thetaiotaomicron_ref	1247	0.82548	0.97033	60	NA	NA	confident
4301_2PJGZM_16	1495	Bacteroides_thetaiotaomicron_ref	1450	0.96789	0.98897	60	NA	NA	confident
3118_2PJGZM_16	1472	Veillonella_parvula_ref	1455	0.98505	0.99175	60	NA	NA	confident
4314_2PJGZM_16	1526	Veillonella_parvula_ref	1480	0.96920	0.99527	60	NA	NA	confident
4324_2PJGZM_16	1495	Prevotella_melaninogenica_ref	1447	0.96789	1.00000	60	NA	NA	confident
3114_2PJGZM_16	1524	Veillonella_parvula_ref	1483	0.96916	0.98989	60	NA	NA	confident
3002_2PJGZM_16	1520	Veillonella_parvula_ref	1483	0.96908	0.98179	60	NA	NA	confident
3130_2PJGZM_16	1498	Prevotella_melaninogenica_ref	1464	0.96796	0.93511	60	NA	NA	confident
2947_2PJGZM_16	1491	Prevotella_melaninogenica_ref	1433	0.95842	0.99512	60	NA	NA	confident
2029_2PJGZM_16	1385	Prevotella_melaninogenica_ref	1379	0.98267	0.92096	60	Bacteroides_thetaiotaomicron_ref	46	confident
2960_2PJGZM_16	1488	Bacteroides_thetaiotaomicron_ref	1447	0.96841	0.99240	60	NA	NA	confident
3121_2PJGZM_16	1519	Veillonella_parvula_ref	1481	0.96906	0.98920	60	NA	NA	confident
3143_2PJGZM_16	1494	Prevotella_melaninogenica_ref	1447	0.96787	0.99309	60	NA	NA	confident
2044_2PJGZM_16	1514	Veillonella_parvula_ref	1482	0.97820	0.99258	60	NA	NA	confident
2971_2PJGZM_16	1279	Veillonella_parvula_ref	1269	0.99218	0.98345	60	NA	NA	confident
2888_2PJGZM_16	1495	Prevotella_melaninogenica_ref	1455	0.96789	0.95739	60	NA	NA	confident
2062_2PJGZM_16	1213	Prevotella_melaninogenica_ref	645	0.51937	0.88372	60	NA	NA	unassigned
3136_2PJGZM_16	1492	Prevotella_melaninogenica_ref	1457	0.96783	0.95951	60	NA	NA	confident
4344_2PJGZM_16	1493	Bacteroides_thetaiotaomicron_ref	1446	0.96785	0.99654	60	NA	NA	confident
2988_2PJGZM_16	1491	Bacteroides_thetaiotaomicron_ref	1453	0.96781	0.96008	60	NA	NA	confident
3150_2PJGZM_16	1509	Veillonella_parvula_ref	1480	0.97879	0.99459	60	NA	NA	confident
3012_2PJGZM_16	1525	Veillonella_parvula_ref	1482	0.96918	0.98650	60	NA	NA	confident
3023_2PJGZM_16	1388	Prevotella_melaninogenica_ref	1376	0.98055	0.94259	60	NA	NA	confident
3163_2PJGZM_16	1514	Veillonella_parvula_ref	1479	0.95839	0.94523	60	NA	NA	confident
3171_2PJGZM_16	1527	Veillonella_parvula_ref	1480	0.96922	0.99392	60	NA	NA	confident
3031_2PJGZM_16	1493	Bacteroides_thetaiotaomicron_ref	1458	0.96852	0.93347	60	Prevotella_melaninogenica_ref	238	confident
3020_2PJGZM_16	1528	Veillonella_parvula_ref	1486	0.96924	0.98452	60	NA	NA	confident
4359_2PJGZM_16	1492	Prevotella_melaninogenica_ref	1457	0.96783	0.96431	60	NA	NA	confident
3039_2PJGZM_16	1511	Veillonella_parvula_ref	1482	0.97750	0.98516	60	NA	NA	confident
3186_2PJGZM_16	1504	Bacteroides_thetaiotaomicron_ref	1243	0.82447	0.96138	60	NA	NA	confident
3193_2PJGZM_16	1513	Veillonella_parvula_ref	1480	0.97819	1.00000	60	NA	NA	confident
3201_2PJGZM_16	1530	Veillonella_parvula_ref	1491	0.96928	0.98189	60	NA	NA	confident
4373_2PJGZM_16	1418	Veillonella_parvula_ref	1398	0.98378	0.98569	60	NA	NA	confident
4388_2PJGZM_16	1487	Prevotella_melaninogenica_ref	1447	0.96772	0.99171	60	NA	NA	confident
2903_2PJGZM_16	1525	Veillonella_parvula_ref	1480	0.96984	0.99662	60	NA	NA	confident
3210_2PJGZM_16	1246	NA	NA	NA	NA	NA	NA	NA	unassigned
4399_2PJGZM_16	1522	Veillonella_parvula_ref	1480	0.96912	0.99392	60	NA	NA	confident
3203_2PJGZM_16	1504	Prevotella_melaninogenica_ref	1463	0.95878	0.93917	60	NA	NA	confident
3219_2PJGZM_16	1495	Prevotella_melaninogenica_ref	1447	0.96789	0.99862	60	NA	NA	confident
3048_2PJGZM_16	1496	Bacteroides_thetaiotaomicron_ref	1461	0.96791	0.94867	60	NA	NA	confident
3232_2PJGZM_16	1492	Bacteroides_thetaiotaomicron_ref	1446	0.96783	0.99723	60	NA	NA	confident
3062_2PJGZM_16	1495	Prevotella_melaninogenica_ref	1447	0.96789	0.99654	60	NA	NA	confident
3071_2PJGZM_16	1494	Prevotella_melaninogenica_ref	1450	0.96720	0.98276	60	NA	NA	confident
3247_2PJGZM_16	1513	Veillonella_parvula_ref	1482	0.97621	0.99123	60	NA	NA	confident
3088_2PJGZM_16	1490	Prevotella_melaninogenica_ref	1449	0.96779	0.98827	60	NA	NA	confident
3096_2PJGZM_16	1527	Veillonella_parvula_ref	1482	0.96988	0.99190	60	NA	NA	confident
2961_2PJGZM_16	1504	Prevotella_melaninogenica_ref	1457	0.96011	0.94852	60	NA	NA	confident
2080_2PJGZM_16	1492	Bacteroides_thetaiotaomicron_ref	1460	0.96783	0.94041	60	Prevotella_melaninogenica_ref	410	confident
3227_2PJGZM_16	1414	NA	NA	NA	NA	NA	NA	NA	unassigned
3111_2PJGZM_16	1515	Veillonella_parvula_ref	1484	0.97756	0.98922	60	NA	NA	confident
2973_2PJGZM_16	1496	Prevotella_melaninogenica_ref	1449	0.96791	0.99517	60	NA	NA	confident
3029_2PJGZM_16	1497	Prevotella_melaninogenica_ref	1448	0.96727	0.99586	60	NA	NA	confident
3275_2PJGZM_16	1490	Prevotella_melaninogenica_ref	1459	0.96779	0.96025	60	NA	NA	confident
2990_2PJGZM_16	1536	Veillonella_parvula_ref	1489	0.96940	0.98858	60	NA	NA	confident
3001_2PJGZM_16	1398	Bacteroides_thetaiotaomicron_ref	1375	0.98283	0.99855	60	NA	NA	confident
3036_2PJGZM_16	1494	Prevotella_melaninogenica_ref	1457	0.96787	0.95264	60	NA	NA	confident
3047_2PJGZM_16	1461	Bacteroides_thetaiotaomicron_ref	1454	0.98357	0.93122	60	Prevotella_melaninogenica_ref	236	confident
3059_2PJGZM_16	1509	Veillonella_parvula_ref	1483	0.97879	0.98584	60	NA	NA	confident
3025_2PJGZM_16	1493	Bacteroides_thetaiotaomicron_ref	1459	0.96785	0.94174	60	NA	NA	confident
3135_2PJGZM_16	1514	Veillonella_parvula_ref	1480	0.97754	0.99797	60	NA	NA	confident
2116_2PJGZM_16	1523	Veillonella_parvula_ref	1480	0.96914	0.98851	60	NA	NA	confident
3295_2PJGZM_16	1521	Veillonella_parvula_ref	1481	0.96910	0.99190	60	NA	NA	confident
3034_2PJGZM_16	1528	Veillonella_parvula_ref	1481	0.96924	0.99662	60	NA	NA	confident
3068_2PJGZM_16	1483	Bacteroides_thetaiotaomicron_ref	1450	0.97640	0.99379	60	NA	NA	confident
2121_2PJGZM_16	1254	Veillonella_parvula_ref	755	0.58852	0.88212	60	Prevotella_melaninogenica_ref	72	unassigned
3082_2PJGZM_16	1518	Veillonella_parvula_ref	1431	0.93281	0.90287	60	NA	NA	confident
3267_2PJGZM_16	1493	Bacteroides_thetaiotaomicron_ref	1446	0.96785	0.99585	60	NA	NA	confident
3040_2PJGZM_16	1503	Prevotella_melaninogenica_ref	1377	0.91351	0.98257	60	NA	NA	confident
3165_2PJGZM_16	1527	Veillonella_parvula_ref	1480	0.96922	0.99595	60	NA	NA	confident
3278_2PJGZM_16	1345	Veillonella_parvula_ref	1334	0.99033	0.99550	60	NA	NA	confident
3060_2PJGZM_16	1464	Bacteroides_thetaiotaomicron_ref	1443	0.98361	0.99446	60	NA	NA	confident
3288_2PJGZM_16	1396	Fusobacterium_nucleatum_ref	1260	0.89971	0.94206	60	NA	NA	confident
3110_2PJGZM_16	1522	Veillonella_parvula_ref	1482	0.96912	0.98988	60	NA	NA	confident
3124_2PJGZM_16	1525	Veillonella_parvula_ref	1482	0.96918	0.99325	60	NA	NA	confident
3300_2PJGZM_16	1481	Prevotella_melaninogenica_ref	1449	0.97772	0.99793	60	NA	NA	confident
3309_2PJGZM_16	1504	Bacteroides_thetaiotaomicron_ref	1396	0.92420	0.94842	60	NA	NA	confident
3133_2PJGZM_16	1527	Veillonella_parvula_ref	1483	0.96988	0.99461	60	NA	NA	confident
3076_2PJGZM_16	1756	Prevotella_melaninogenica_ref	1448	0.82403	0.99309	60	Bacteroides_thetaiotaomicron_ref	2612	confident
2132_2PJGZM_16	1493	Prevotella_melaninogenica_ref	1448	0.96785	0.99309	60	NA	NA	confident
3084_2PJGZM_16	1526	Veillonella_parvula_ref	1481	0.96920	0.99527	60	NA	NA	confident
3092_2PJGZM_16	1499	Bacteroides_thetaiotaomicron_ref	1452	0.96798	0.98278	60	NA	NA	confident
3317_2PJGZM_16	1525	Veillonella_parvula_ref	1481	0.96984	0.99190	60	NA	NA	confident
3194_2PJGZM_16	1515	Veillonella_parvula_ref	1481	0.97756	0.99662	60	NA	NA	confident
3100_2PJGZM_16	1496	Prevotella_melaninogenica_ref	1458	0.96791	0.98148	60	NA	NA	confident
3157_2PJGZM_16	1517	Veillonella_parvula_ref	1427	0.93672	0.95515	60	NA	NA	confident
3168_2PJGZM_16	1527	Veillonella_parvula_ref	1480	0.96922	0.99797	60	NA	NA	confident
3112_2PJGZM_16	1480	Prevotella_melaninogenica_ref	1447	0.97770	0.99585	60	NA	NA	confident
3321_2PJGZM_16	1467	Bacteroides_thetaiotaomicron_ref	881	0.59850	0.98978	60	Prevotella_melaninogenica_ref	712	unassigned
3355_2PJGZM_16	1498	Prevotella_melaninogenica_ref	1451	0.96796	0.99449	60	NA	NA	confident
3122_2PJGZM_16	1470	Prevotella_melaninogenica_ref	1454	0.97483	0.96836	60	NA	NA	confident
3134_2PJGZM_16	1493	Bacteroides_thetaiotaomicron_ref	1446	0.96785	0.99447	60	NA	NA	confident
3180_2PJGZM_16	1490	Bacteroides_thetaiotaomicron_ref	1463	0.96779	0.92071	60	Prevotella_melaninogenica_ref	102	confident
2159_2PJGZM_16	1508	Prevotella_melaninogenica_ref	1469	0.95889	0.91082	60	NA	NA	confident
2164_2PJGZM_16	1484	Bacteroides_thetaiotaomicron_ref	1452	0.96765	0.97658	60	NA	NA	confident
3364_2PJGZM_16	1490	Veillonella_parvula_ref	1429	0.95436	0.93982	60	NA	NA	confident
3141_2PJGZM_16	1500	Prevotella_melaninogenica_ref	1458	0.96467	0.96982	60	NA	NA	confident
3191_2PJGZM_16	1528	Veillonella_parvula_ref	1481	0.96924	0.99595	60	NA	NA	confident
3215_2PJGZM_16	1497	Prevotella_melaninogenica_ref	1452	0.96794	0.99105	60	NA	NA	confident
3230_2PJGZM_16	1517	Prevotella_melaninogenica_ref	1452	0.94529	0.97039	60	NA	NA	confident
3156_2PJGZM_16	1526	Veillonella_parvula_ref	1482	0.96986	0.99460	60	NA	NA	confident
3204_2PJGZM_16	1530	Veillonella_parvula_ref	1485	0.96928	0.98721	60	NA	NA	confident
3237_2PJGZM_16	1527	Veillonella_parvula_ref	1487	0.96922	0.98655	60	NA	NA	confident
3250_2PJGZM_16	1492	Bacteroides_thetaiotaomicron_ref	1449	0.96783	0.98482	60	NA	NA	confident
3169_2PJGZM_16	1493	Bacteroides_thetaiotaomicron_ref	1451	0.96785	0.99104	60	NA	NA	confident
2170_2PJGZM_16	1477	Veillonella_parvula_ref	1454	0.98375	0.99381	60	NA	NA	confident
3214_2PJGZM_16	1494	Bacteroides_thetaiotaomicron_ref	1449	0.95582	0.90062	60	NA	NA	confident
3259_2PJGZM_16	1498	Bacteroides_thetaiotaomicron_ref	1260	0.83244	0.90317	60	Veillonella_parvula_ref	226	confident
2185_2PJGZM_16	1506	Prevotella_melaninogenica_ref	1454	0.96414	0.98968	60	NA	NA	confident
3231_2PJGZM_16	1480	Prevotella_melaninogenica_ref	1466	0.97770	0.92701	60	Bacteroides_thetaiotaomicron_ref	238	confident
3269_2PJGZM_16	1537	Prevotella_melaninogenica_ref	1450	0.94275	0.99517	60	NA	NA	confident
2194_2PJGZM_16	1491	Prevotella_melaninogenica_ref	1439	0.96378	0.99514	60	NA	NA	confident
3177_2PJGZM_16	1371	Veillonella_parvula_ref	1356	0.98249	0.98746	60	NA	NA	confident
2200_2PJGZM_16	1507	Bacteroides_thetaiotaomicron_ref	1251	0.82482	0.93605	60	Prevotella_melaninogenica_ref	238	confident
2208_2PJGZM_16	1520	Veillonella_parvula_ref	1480	0.96908	0.99257	60	NA	NA	confident
3249_2PJGZM_16	1513	Veillonella_parvula_ref	1481	0.97885	0.99730	60	NA	NA	confident
3285_2PJGZM_16	1489	Prevotella_melaninogenica_ref	1455	0.96978	0.95533	60	NA	NA	confident
3390_2PJGZM_16	1499	Prevotella_melaninogenica_ref	1463	0.96731	0.96172	60	NA	NA	confident
3199_2PJGZM_16	1526	Veillonella_parvula_ref	1480	0.96986	0.99730	60	NA	NA	confident
3402_2PJGZM_16	1528	Veillonella_parvula_ref	1481	0.96924	0.99730	60	NA	NA	confident
2222_2PJGZM_16	1532	Fusobacterium_nucleatum_ref	1424	0.92298	0.90309	58	NA	NA	confident
3268_2PJGZM_16	1516	Veillonella_parvula_ref	1480	0.95844	0.93446	60	NA	NA	confident
3281_2PJGZM_16	1215	Veillonella_parvula_ref	1194	0.97778	0.98157	60	NA	NA	unassigned
3307_2PJGZM_16	1504	Veillonella_parvula_ref	1493	0.98338	0.96919	60	NA	NA	confident
3358_2PJGZM_16	1354	Prevotella_melaninogenica_ref	617	0.44904	0.91248	60	Veillonella_parvula_ref	176	unassigned
2232_2PJGZM_16	1499	Prevotella_melaninogenica_ref	1467	0.96798	0.96319	60	NA	NA	confident
3428_2PJGZM_16	1486	Bacteroides_thetaiotaomicron_ref	1452	0.97443	0.98829	60	NA	NA	confident
3439_2PJGZM_16	1515	Veillonella_parvula_ref	1442	0.93663	0.90361	60	NA	NA	confident
3319_2PJGZM_16	1495	Veillonella_parvula_ref	1266	0.83813	0.95735	60	NA	NA	confident
2247_2PJGZM_16	1327	Veillonella_parvula_ref	1304	0.98267	0.99463	60	NA	NA	confident
3450_2PJGZM_16	1495	Bacteroides_thetaiotaomicron_ref	1449	0.96789	0.99241	60	NA	NA	confident
3330_2PJGZM_16	1467	Prevotella_melaninogenica_ref	1443	0.98364	0.99931	60	NA	NA	confident
3337_2PJGZM_16	1515	Veillonella_parvula_ref	1486	0.97558	0.98385	60	NA	NA	confident
3458_2PJGZM_16	1526	Veillonella_parvula_ref	1483	0.96920	0.98854	60	NA	NA	confident
3380_2PJGZM_16	1495	Prevotella_melaninogenica_ref	1448	0.96789	0.99448	60	NA	NA	confident
3471_2PJGZM_16	1492	Bacteroides_thetaiotaomicron_ref	1447	0.96783	0.98480	60	NA	NA	confident
3322_2PJGZM_16	1514	Veillonella_parvula_ref	1482	0.97754	0.99055	60	NA	NA	confident
2253_2PJGZM_16	1229	Veillonella_parvula_ref	1223	0.99186	0.98528	60	NA	NA	confident
2260_2PJGZM_16	1495	Prevotella_melaninogenica_ref	1448	0.96789	0.99517	60	NA	NA	confident
3482_2PJGZM_16	1510	Veillonella_parvula_ref	1481	0.97748	0.99257	60	NA	NA	confident
3489_2PJGZM_16	1495	Bacteroides_thetaiotaomicron_ref	1448	0.96789	0.99586	60	NA	NA	confident
3392_2PJGZM_16	1466	Prevotella_melaninogenica_ref	1444	0.98363	0.98823	60	NA	NA	confident
3229_2PJGZM_16	1490	Bacteroides_thetaiotaomicron_ref	1390	0.92349	0.98273	60	NA	NA	confident
3331_2PJGZM_16	1493	Prevotella_melaninogenica_ref	1456	0.96785	0.93681	60	Bacteroides_thetaiotaomicron_ref	320	confident
3408_2PJGZM_16	1528	Veillonella_parvula_ref	1482	0.96924	0.99460	60	NA	NA	confident
3252_2PJGZM_16	1493	Prevotella_melaninogenica_ref	1447	0.96785	0.99171	60	NA	NA	confident
3339_2PJGZM_16	1531	Veillonella_parvula_ref	1486	0.96930	0.98654	60	NA	NA	confident
3353_2PJGZM_16	1522	Veillonella_parvula_ref	1274	0.83311	0.96939	60	NA	NA	confident
3375_2PJGZM_16	1494	Prevotella_melaninogenica_ref	1448	0.96787	0.99586	60	NA	NA	confident
2274_2PJGZM_16	1493	Prevotella_melaninogenica_ref	1462	0.96785	0.93434	60	NA	NA	confident
3436_2PJGZM_16	1494	Bacteroides_thetaiotaomicron_ref	1452	0.96787	0.97314	60	NA	NA	confident
3500_2PJGZM_16	1494	Bacteroides_thetaiotaomicron_ref	1459	0.96787	0.93489	60	NA	NA	confident
3508_2PJGZM_16	1493	Prevotella_melaninogenica_ref	1458	0.96785	0.94102	60	NA	NA	confident
2281_2PJGZM_16	1513	Veillonella_parvula_ref	1480	0.97753	0.99797	60	NA	NA	confident
3443_2PJGZM_16	1514	Prevotella_melaninogenica_ref	1478	0.95905	0.89242	60	NA	NA	confident
3276_2PJGZM_16	1489	Prevotella_melaninogenica_ref	1452	0.97448	0.98829	60	NA	NA	confident
3449_2PJGZM_16	1518	Veillonella_parvula_ref	1482	0.95850	0.93455	60	NA	NA	confident
3518_2PJGZM_16	1495	Prevotella_melaninogenica_ref	1460	0.96789	0.94795	60	NA	NA	confident
3367_2PJGZM_16	1493	Bacteroides_thetaiotaomicron_ref	1446	0.96785	0.99654	60	NA	NA	confident
3457_2PJGZM_16	1528	Veillonella_parvula_ref	1482	0.96924	0.99528	60	NA	NA	confident
3473_2PJGZM_16	1495	Bacteroides_thetaiotaomicron_ref	1450	0.96789	0.99103	60	NA	NA	confident
3387_2PJGZM_16	1528	Veillonella_parvula_ref	1484	0.96924	0.99191	60	NA	NA	confident
3535_2PJGZM_16	1525	Veillonella_parvula_ref	1481	0.96918	0.99527	60	NA	NA	confident
3396_2PJGZM_16	1496	Prevotella_melaninogenica_ref	1458	0.96791	0.96845	60	NA	NA	confident
3407_2PJGZM_16	1543	Prevotella_melaninogenica_ref	1447	0.93778	0.99724	60	NA	NA	confident
3486_2PJGZM_16	1528	Veillonella_parvula_ref	1482	0.96924	0.99528	60	NA	NA	confident
3491_2PJGZM_16	1532	Veillonella_parvula_ref	1480	0.96606	0.99932	60	NA	NA	confident
3502_2PJGZM_16	1492	Prevotella_melaninogenica_ref	1408	0.93700	0.91051	60	NA	NA	confident
3528_2PJGZM_16	1495	Prevotella_melaninogenica_ref	1447	0.96789	0.99585	60	NA	NA	confident
2291_2PJGZM_16	1492	Prevotella_melaninogenica_ref	1449	0.96783	0.98965	60	NA	NA	confident
3298_2PJGZM_16	1523	Veillonella_parvula_ref	1481	0.96914	0.99257	60	NA	NA	confident
3305_2PJGZM_16	1496	Prevotella_melaninogenica_ref	1448	0.96791	0.99862	60	NA	NA	confident
3376_2PJGZM_16	1507	Veillonella_parvula_ref	1420	0.93895	0.94225	60	NA	NA	confident
3453_2PJGZM_16	1527	Veillonella_parvula_ref	1480	0.96922	1.00000	60	NA	NA	confident
3318_2PJGZM_16	1494	Prevotella_melaninogenica_ref	1448	0.96854	0.99793	60	NA	NA	confident
3391_2PJGZM_16	1512	Bacteroides_thetaiotaomicron_ref	1252	0.82540	0.92971	60	NA	NA	confident
3469_2PJGZM_16	1523	Veillonella_parvula_ref	1482	0.96914	0.99123	60	NA	NA	confident
3572_2PJGZM_16	1491	Prevotella_melaninogenica_ref	1447	0.96781	0.99240	60	NA	NA	confident
3336_2PJGZM_16	1558	Prevotella_melaninogenica_ref	1463	0.92619	0.92891	60	Bacteroides_thetaiotaomicron_ref	230	confident
3401_2PJGZM_16	1524	Veillonella_parvula_ref	1480	0.96916	0.99527	60	NA	NA	confident
3348_2PJGZM_16	1489	Bacteroides_thetaiotaomicron_ref	1462	0.96776	0.93160	60	NA	NA	confident
3481_2PJGZM_16	1485	Prevotella_melaninogenica_ref	1457	0.96768	0.94921	60	NA	NA	confident
3361_2PJGZM_16	1476	Bacteroides_thetaiotaomicron_ref	1448	0.97493	0.98757	60	NA	NA	confident
3488_2PJGZM_16	1492	Prevotella_melaninogenica_ref	1447	0.96783	0.99378	60	NA	NA	confident
3584_2PJGZM_16	1523	Veillonella_parvula_ref	1477	0.96520	0.98781	60	NA	NA	confident
3557_2PJGZM_16	1479	Veillonella_parvula_ref	1459	0.98445	0.99246	60	NA	NA	confident
3388_2PJGZM_16	1490	Bacteroides_thetaiotaomicron_ref	1462	0.96779	0.92886	60	NA	NA	confident
3501_2PJGZM_16	1532	Bacteroides_thetaiotaomicron_ref	1446	0.93668	0.98963	60	NA	NA	confident
3513_2PJGZM_16	1209	Prevotella_melaninogenica_ref	1185	0.97519	0.98228	60	NA	NA	unassigned
3564_2PJGZM_16	1502	Prevotella_melaninogenica_ref	1457	0.96804	0.98216	60	NA	NA	confident
2306_2PJGZM_16	1215	Veillonella_parvula_ref	1192	0.97942	0.98909	60	NA	NA	unassigned
3613_2PJGZM_16	1470	Prevotella_melaninogenica_ref	1251	0.82993	0.89688	58	Fusobacterium_nucleatum_ref	48	confident
3430_2PJGZM_16	1467	Prevotella_melaninogenica_ref	1443	0.98364	0.99584	60	NA	NA	confident
3581_2PJGZM_16	1512	Bacteroides_thetaiotaomicron_ref	1475	0.96825	0.93220	60	NA	NA	confident
3622_2PJGZM_16	1526	Veillonella_parvula_ref	1480	0.96920	0.99730	60	NA	NA	confident
3440_2PJGZM_16	1477	Prevotella_melaninogenica_ref	1453	0.97630	0.98211	60	NA	NA	confident
3630_2PJGZM_16	1526	Veillonella_parvula_ref	1480	0.96920	0.99595	60	NA	NA	confident
3637_2PJGZM_16	1516	Veillonella_parvula_ref	1480	0.95844	0.94459	60	NA	NA	confident
3650_2PJGZM_16	1475	Bacteroides_thetaiotaomicron_ref	1459	0.97559	0.95271	60	NA	NA	confident
3592_2PJGZM_16	1494	Prevotella_melaninogenica_ref	1449	0.96787	0.99379	60	NA	NA	confident
3660_2PJGZM_16	1496	Prevotella_melaninogenica_ref	1457	0.96791	0.95127	60	NA	NA	confident
3673_2PJGZM_16	1496	Prevotella_melaninogenica_ref	1448	0.96791	0.99448	60	NA	NA	confident
3598_2PJGZM_16	1521	Veillonella_parvula_ref	1480	0.96910	0.99527	60	NA	NA	confident
3681_2PJGZM_16	1498	Prevotella_melaninogenica_ref	1458	0.96796	0.95679	60	NA	NA	confident
3395_2PJGZM_16	1494	Bacteroides_thetaiotaomicron_ref	1458	0.96787	0.93210	60	Prevotella_melaninogenica_ref	226	confident
2330_2PJGZM_16	1476	Prevotella_melaninogenica_ref	1455	0.97629	0.94845	60	NA	NA	confident
3558_2PJGZM_16	1488	Bacteroides_thetaiotaomicron_ref	1451	0.96774	0.98415	60	NA	NA	confident
2333_2PJGZM_16	1506	Bacteroides_thetaiotaomicron_ref	1258	0.82470	0.90143	60	Veillonella_parvula_ref	76	confident
3495_2PJGZM_16	1528	Veillonella_parvula_ref	1426	0.92277	0.91445	60	NA	NA	confident
3421_2PJGZM_16	1498	Veillonella_parvula_ref	1426	0.93992	0.90673	60	NA	NA	confident
2341_2PJGZM_16	1492	Prevotella_melaninogenica_ref	1448	0.96783	0.98757	60	NA	NA	confident
3565_2PJGZM_16	1532	Veillonella_parvula_ref	1486	0.96932	0.99058	60	NA	NA	confident
3615_2PJGZM_16	1525	Veillonella_parvula_ref	1480	0.96918	0.99797	60	NA	NA	confident
3578_2PJGZM_16	1510	Veillonella_parvula_ref	1428	0.93245	0.91176	60	NA	NA	confident
3512_2PJGZM_16	1421	Prevotella_melaninogenica_ref	1396	0.98170	0.99284	60	NA	NA	confident
3631_2PJGZM_16	1556	Veillonella_parvula_ref	1486	0.95051	0.98250	60	NA	NA	confident
3431_2PJGZM_16	1513	Veillonella_parvula_ref	1483	0.97885	0.99056	60	NA	NA	confident
3696_2PJGZM_16	1525	Veillonella_parvula_ref	1480	0.96918	0.99662	60	NA	NA	confident
3534_2PJGZM_16	1485	Bacteroides_thetaiotaomicron_ref	1464	0.97441	0.93306	60	NA	NA	confident
2349_2PJGZM_16	1498	Prevotella_melaninogenica_ref	1452	0.96796	0.99105	60	NA	NA	confident
3715_2PJGZM_16	1522	Veillonella_parvula_ref	1480	0.96912	0.99459	60	NA	NA	confident
3452_2PJGZM_16	1512	Veillonella_parvula_ref	1479	0.95833	0.92968	60	NA	NA	confident
3549_2PJGZM_16	1495	Bacteroides_thetaiotaomicron_ref	1459	0.96789	0.95134	60	NA	NA	confident
2359_2PJGZM_16	1527	Veillonella_parvula_ref	1484	0.96922	0.99191	60	NA	NA	confident
3555_2PJGZM_16	1482	Bacteroides_thetaiotaomicron_ref	1449	0.97436	0.99379	60	NA	NA	confident
3560_2PJGZM_16	1518	Veillonella_parvula_ref	1437	0.93215	0.86778	0	Bacteroides_thetaiotaomicron_ref	104	unassigned
3463_2PJGZM_16	1490	Bacteroides_thetaiotaomicron_ref	1448	0.96779	0.99102	60	NA	NA	confident
2369_2PJGZM_16	1530	Veillonella_parvula_ref	1487	0.96928	0.98722	60	NA	NA	confident
3478_2PJGZM_16	1494	Prevotella_melaninogenica_ref	1447	0.96787	0.99793	60	NA	NA	confident
3659_2PJGZM_16	1533	Veillonella_parvula_ref	1488	0.96934	0.98723	60	NA	NA	confident
3741_2PJGZM_16	1493	Bacteroides_thetaiotaomicron_ref	1446	0.96785	0.99447	60	NA	NA	confident
3669_2PJGZM_16	1481	Prevotella_melaninogenica_ref	1448	0.97704	0.99586	60	NA	NA	confident
3487_2PJGZM_16	1504	Prevotella_melaninogenica_ref	1459	0.96809	0.97533	60	NA	NA	confident
2380_2PJGZM_16	1499	Prevotella_melaninogenica_ref	1451	0.96798	0.99449	60	NA	NA	confident
3759_2PJGZM_16	1418	Veillonella_parvula_ref	816	0.57334	0.98897	60	NA	NA	unassigned
3586_2PJGZM_16	1527	Veillonella_parvula_ref	1480	0.96922	0.99932	60	NA	NA	confident
3597_2PJGZM_16	1502	Prevotella_melaninogenica_ref	1405	0.92876	0.94875	60	NA	NA	confident
3494_2PJGZM_16	1486	Bacteroides_thetaiotaomicron_ref	1448	0.96568	0.97997	60	NA	NA	confident
2387_2PJGZM_16	1511	Veillonella_parvula_ref	1480	0.97882	0.99662	60	NA	NA	confident
3608_2PJGZM_16	1379	Veillonella_parvula_ref	918	0.66570	0.99455	60	NA	NA	unassigned
3691_2PJGZM_16	1524	Veillonella_parvula_ref	1481	0.96916	0.98987	60	NA	NA	confident
2393_2PJGZM_16	1503	Fusobacterium_nucleatum_ref	1393	0.92149	0.95621	60	NA	NA	confident
3625_2PJGZM_16	1487	Bacteroides_thetaiotaomicron_ref	1448	0.96772	0.98619	60	NA	NA	confident
3526_2PJGZM_16	1232	Prevotella_melaninogenica_ref	1209	0.98052	0.99504	60	NA	NA	confident
3774_2PJGZM_16	1495	Prevotella_melaninogenica_ref	1447	0.96789	1.00000	60	NA	NA	confident
3633_2PJGZM_16	1507	Veillonella_parvula_ref	1274	0.83743	0.95526	60	NA	NA	confident
3621_2PJGZM_16	1482	Bacteroides_thetaiotaomicron_ref	1446	0.96761	0.98686	60	NA	NA	confident
3785_2PJGZM_16	1397	Prevotella_melaninogenica_ref	704	0.50394	1.00000	60	Bacteroides_thetaiotaomicron_ref	286	unassigned
3704_2PJGZM_16	1510	Veillonella_parvula_ref	1278	0.83245	0.89515	45	Bacteroides_thetaiotaomicron_ref	28	confident
2402_2PJGZM_16	1501	Bacteroides_thetaiotaomicron_ref	1406	0.92405	0.89545	60	NA	NA	confident
2411_2PJGZM_16	1494	Prevotella_melaninogenica_ref	1457	0.96787	0.95882	60	NA	NA	confident
3651_2PJGZM_16	1525	Veillonella_parvula_ref	1481	0.96984	0.99662	60	NA	NA	confident
3627_2PJGZM_16	1493	Bacteroides_thetaiotaomicron_ref	1446	0.96785	0.99931	60	NA	NA	confident
3636_2PJGZM_16	1527	Veillonella_parvula_ref	1481	0.96922	0.99460	60	NA	NA	confident
2417_2PJGZM_16	1321	Prevotella_melaninogenica_ref	1297	0.98107	0.99692	60	NA	NA	confident
2422_2PJGZM_16	1494	Prevotella_melaninogenica_ref	1447	0.96787	0.99862	60	NA	NA	confident
3796_2PJGZM_16	1486	Bacteroides_thetaiotaomicron_ref	1448	0.96770	0.98757	60	NA	NA	confident
2430_2PJGZM_16	1496	Prevotella_melaninogenica_ref	1448	0.96791	0.99862	60	NA	NA	confident
3720_2PJGZM_16	1495	Bacteroides_thetaiotaomicron_ref	1448	0.96789	0.99378	60	NA	NA	confident
2440_2PJGZM_16	1492	Bacteroides_thetaiotaomicron_ref	1446	0.96783	0.99654	60	NA	NA	confident
3658_2PJGZM_16	1463	Prevotella_melaninogenica_ref	1445	0.98360	0.99031	60	NA	NA	confident
3668_2PJGZM_16	1380	Prevotella_melaninogenica_ref	1357	0.98333	0.99705	60	NA	NA	confident
3676_2PJGZM_16	1528	Veillonella_parvula_ref	1482	0.96924	0.99258	60	NA	NA	confident
2446_2PJGZM_16	1516	Veillonella_parvula_ref	1431	0.93206	0.87282	60	Prevotella_melaninogenica_ref	266	confident
3678_2PJGZM_16	1493	Prevotella_melaninogenica_ref	1457	0.96718	0.96225	60	NA	NA	confident
2454_2PJGZM_16	1521	Prevotella_melaninogenica_ref	1442	0.94675	0.99584	60	NA	NA	confident
2460_2PJGZM_16	1517	Veillonella_parvula_ref	1479	0.97429	0.99527	60	NA	NA	confident
3707_2PJGZM_16	1523	Veillonella_parvula_ref	1484	0.96914	0.98518	60	NA	NA	confident
3732_2PJGZM_16	1518	Veillonella_parvula_ref	1415	0.93215	0.99647	60	NA	NA	confident
3746_2PJGZM_16	1495	Prevotella_melaninogenica_ref	1457	0.96789	0.94166	60	NA	NA	confident
3754_2PJGZM_16	1491	Bacteroides_thetaiotaomicron_ref	1464	0.96781	0.92760	59	NA	NA	confident
3766_2PJGZM_16	1491	Bacteroides_thetaiotaomicron_ref	1446	0.96781	0.99308	60	NA	NA	confident
3559_2PJGZM_16	1358	Bacteroides_thetaiotaomicron_ref	1350	0.98159	0.92148	60	Prevotella_melaninogenica_ref	142	confident
3776_2PJGZM_16	1533	Veillonella_parvula_ref	1482	0.96673	0.99393	60	NA	NA	confident
3566_2PJGZM_16	1496	Prevotella_melaninogenica_ref	1453	0.96791	0.98004	60	NA	NA	confident
3718_2PJGZM_16	1507	Prevotella_melaninogenica_ref	1406	0.92701	0.92959	60	NA	NA	confident
3729_2PJGZM_16	1493	Prevotella_melaninogenica_ref	1464	0.96785	0.93511	60	NA	NA	confident
3576_2PJGZM_16	1525	Veillonella_parvula_ref	1482	0.96918	0.99055	60	NA	NA	confident
3787_2PJGZM_16	1496	Prevotella_melaninogenica_ref	1448	0.96791	0.99793	60	NA	NA	confident
2478_2PJGZM_16	1521	Bacteroides_thetaiotaomicron_ref	1456	0.94083	0.95192	60	NA	NA	confident
3587_2PJGZM_16	1525	Veillonella_parvula_ref	1480	0.96918	0.99662	60	NA	NA	confident
3743_2PJGZM_16	1511	Veillonella_parvula_ref	1482	0.97684	0.98920	60	NA	NA	confident
3751_2PJGZM_16	1475	Prevotella_melaninogenica_ref	1447	0.97559	0.99378	60	NA	NA	confident
3818_2PJGZM_16	1533	Veillonella_parvula_ref	1481	0.96608	0.99730	60	NA	NA	confident
2500_2PJGZM_16	1523	Veillonella_parvula_ref	1480	0.96914	0.99392	60	NA	NA	confident
2506_2PJGZM_16	1526	Veillonella_parvula_ref	1482	0.96658	0.99123	60	NA	NA	confident
3770_2PJGZM_16	1492	Prevotella_melaninogenica_ref	1448	0.96783	0.99378	60	NA	NA	confident
2516_2PJGZM_16	1528	Veillonella_parvula_ref	1483	0.96924	0.99326	60	NA	NA	confident
3616_2PJGZM_16	1503	Prevotella_melaninogenica_ref	1409	0.92881	0.90561	60	NA	NA	confident
3784_2PJGZM_16	1490	Prevotella_melaninogenica_ref	1458	0.96779	0.93759	60	NA	NA	confident
3794_2PJGZM_16	1496	Prevotella_melaninogenica_ref	1448	0.96725	0.99517	60	NA	NA	confident
3817_2PJGZM_16	1526	Veillonella_parvula_ref	1480	0.96920	0.99797	60	NA	NA	confident
2532_2PJGZM_16	1220	Bacteroides_thetaiotaomicron_ref	1197	0.98033	0.99582	60	NA	NA	unassigned
3779_2PJGZM_16	1533	Veillonella_parvula_ref	1487	0.96934	0.98924	60	NA	NA	confident
3830_2PJGZM_16	1495	Prevotella_melaninogenica_ref	1447	0.96589	0.99654	60	NA	NA	confident
3832_2PJGZM_16	1526	Veillonella_parvula_ref	1480	0.96920	0.99527	60	NA	NA	confident
3799_2PJGZM_16	1526	Veillonella_parvula_ref	1480	0.96920	0.99797	60	NA	NA	confident
3838_2PJGZM_16	1496	Bacteroides_thetaiotaomicron_ref	1469	0.96791	0.88972	60	NA	NA	confident
3850_2PJGZM_16	1233	Prevotella_melaninogenica_ref	1213	0.98054	0.99258	60	NA	NA	confident
3845_2PJGZM_16	1487	Bacteroides_thetaiotaomicron_ref	1458	0.96705	0.91838	60	Prevotella_melaninogenica_ref	100	confident
3816_2PJGZM_16	1528	Veillonella_parvula_ref	1482	0.96924	0.99460	60	NA	NA	confident
3854_2PJGZM_16	1526	Veillonella_parvula_ref	1482	0.96986	0.99460	60	NA	NA	confident
3629_2PJGZM_16	1501	Prevotella_melaninogenica_ref	1458	0.96802	0.97942	60	NA	NA	confident
3859_2PJGZM_16	1491	Prevotella_melaninogenica_ref	1448	0.96781	0.99448	60	NA	NA	confident
2560_2PJGZM_16	1494	Prevotella_melaninogenica_ref	1464	0.96586	0.92760	60	NA	NA	confident
3822_2PJGZM_16	1495	Prevotella_melaninogenica_ref	1465	0.96789	0.91945	60	Bacteroides_thetaiotaomicron_ref	106	confident
2577_2PJGZM_16	1221	Prevotella_melaninogenica_ref	632	0.51761	1.00000	60	NA	NA	unassigned
3874_2PJGZM_16	1523	Veillonella_parvula_ref	1481	0.96914	0.98987	60	NA	NA	confident
3831_2PJGZM_16	1479	Prevotella_melaninogenica_ref	1475	0.97769	0.90373	60	Bacteroides_thetaiotaomicron_ref	78	confident
3820_2PJGZM_16	1528	Veillonella_parvula_ref	1482	0.96924	0.99190	60	NA	NA	confident
2582_2PJGZM_16	1511	Veillonella_parvula_ref	1480	0.97551	0.99324	60	NA	NA	confident
3638_2PJGZM_16	1485	Bacteroides_thetaiotaomicron_ref	1456	0.97441	0.98214	60	NA	NA	confident
3833_2PJGZM_16	1503	Prevotella_melaninogenica_ref	1486	0.96673	0.85599	60	Bacteroides_thetaiotaomicron_ref	110	confident
3843_2PJGZM_16	1486	Prevotella_melaninogenica_ref	1450	0.97510	0.99448	60	NA	NA	confident
3852_2PJGZM_16	1428	Prevotella_melaninogenica_ref	1407	0.98319	0.99076	60	NA	NA	confident
3871_2PJGZM_16	1497	Prevotella_melaninogenica_ref	1460	0.95858	0.92671	60	NA	NA	confident
3657_2PJGZM_16	1484	Bacteroides_thetaiotaomicron_ref	1465	0.96765	0.91195	60	Prevotella_melaninogenica_ref	148	confident
3868_2PJGZM_16	1502	Bacteroides_thetaiotaomicron_ref	1455	0.96804	0.99175	60	NA	NA	confident
3862_2PJGZM_16	1518	Veillonella_parvula_ref	1481	0.96904	0.98987	60	NA	NA	confident
3884_2PJGZM_16	1494	Prevotella_melaninogenica_ref	1447	0.96720	0.99516	60	NA	NA	confident
3892_2PJGZM_16	1283	Prevotella_melaninogenica_ref	661	0.51442	0.98790	60	NA	NA	unassigned
3675_2PJGZM_16	1481	Bacteroides_thetaiotaomicron_ref	1446	0.97569	0.99308	60	NA	NA	confident
3896_2PJGZM_16	1494	Prevotella_melaninogenica_ref	1447	0.96854	0.99931	60	NA	NA	confident
3682_2PJGZM_16	1521	Veillonella_parvula_ref	1484	0.96910	0.97642	60	NA	NA	confident
3924_2PJGZM_16	1523	Veillonella_parvula_ref	1481	0.96914	0.99055	60	NA	NA	confident
3693_2PJGZM_16	1492	Prevotella_melaninogenica_ref	1446	0.96783	0.99654	60	NA	NA	confident
3886_2PJGZM_16	1491	Bacteroides_thetaiotaomicron_ref	1457	0.96781	0.92862	60	Prevotella_melaninogenica_ref	230	confident
2594_2PJGZM_16	1490	Prevotella_melaninogenica_ref	1408	0.93826	0.90909	60	NA	NA	confident
3912_2PJGZM_16	1527	Veillonella_parvula_ref	1480	0.96922	0.99797	60	NA	NA	confident
2599_2PJGZM_16	1477	Bacteroides_thetaiotaomicron_ref	1449	0.97427	0.98827	60	NA	NA	confident
2608_2PJGZM_16	1488	Bacteroides_thetaiotaomicron_ref	1449	0.96774	0.98413	60	NA	NA	confident
3888_2PJGZM_16	1479	Bacteroides_thetaiotaomicron_ref	1446	0.97566	0.99308	60	NA	NA	confident
3941_2PJGZM_16	1564	Veillonella_parvula_ref	1480	0.94437	0.99730	60	NA	NA	confident
3705_2PJGZM_16	1486	Prevotella_melaninogenica_ref	1459	0.96837	0.94859	60	NA	NA	confident
3904_2PJGZM_16	1421	Prevotella_melaninogenica_ref	1397	0.98241	0.99928	60	NA	NA	confident
2619_2PJGZM_16	1216	Prevotella_melaninogenica_ref	598	0.48849	0.98997	60	NA	NA	unassigned
3916_2PJGZM_16	1248	Prevotella_melaninogenica_ref	1218	0.97436	0.99507	60	NA	NA	confident
3931_2PJGZM_16	1492	Prevotella_melaninogenica_ref	1459	0.96783	0.94037	60	NA	NA	confident
3902_2PJGZM_16	1284	Fusobacterium_nucleatum_ref	1204	0.92134	0.93106	60	NA	NA	confident
3911_2PJGZM_16	1526	Veillonella_parvula_ref	1480	0.96920	0.99797	60	NA	NA	confident
3925_2PJGZM_16	1489	Prevotella_melaninogenica_ref	1463	0.96642	0.91524	60	Bacteroides_thetaiotaomicron_ref	96	confident
3920_2PJGZM_16	1521	Veillonella_parvula_ref	1480	0.96910	0.98784	60	NA	NA	confident
3956_2PJGZM_16	1523	Veillonella_parvula_ref	1481	0.96914	0.98987	60	NA	NA	confident
3965_2PJGZM_16	1526	Veillonella_parvula_ref	1480	0.96920	0.99730	60	NA	NA	confident
3975_2PJGZM_16	1485	Prevotella_melaninogenica_ref	1447	0.97441	0.99931	60	NA	NA	confident
3988_2PJGZM_16	1491	Bacteroides_thetaiotaomicron_ref	1446	0.96781	0.99654	60	NA	NA	confident
2640_2PJGZM_16	1411	Veillonella_parvula_ref	704	0.49894	0.99574	60	NA	NA	unassigned
3953_2PJGZM_16	1495	Prevotella_melaninogenica_ref	1447	0.96789	0.99654	60	NA	NA	confident
3939_2PJGZM_16	1496	Prevotella_melaninogenica_ref	1449	0.96791	0.99310	60	NA	NA	confident
4000_2PJGZM_16	1514	Veillonella_parvula_ref	1480	0.97490	0.99189	60	NA	NA	confident
3964_2PJGZM_16	1483	Bacteroides_thetaiotaomicron_ref	1449	0.97100	0.98689	60	NA	NA	confident
3971_2PJGZM_16	1496	Veillonella_parvula_ref	1424	0.92045	0.84902	60	Bacteroides_thetaiotaomicron_ref	54	unassigned
3721_2PJGZM_16	1498	Bacteroides_thetaiotaomicron_ref	1451	0.96796	0.99518	60	NA	NA	confident
2644_2PJGZM_16	1524	Veillonella_parvula_ref	1480	0.96916	0.99595	60	NA	NA	confident
4015_2PJGZM_16	1484	Bacteroides_thetaiotaomicron_ref	1448	0.96765	0.98481	60	NA	NA	confident
2651_2PJGZM_16	1508	Bacteroides_thetaiotaomicron_ref	1446	0.95822	0.99585	60	NA	NA	confident
3983_2PJGZM_16	1497	Veillonella_parvula_ref	1482	0.96794	0.96829	60	NA	NA	confident
3940_2PJGZM_16	1494	Prevotella_melaninogenica_ref	1450	0.96787	0.95931	60	NA	NA	confident
3950_2PJGZM_16	1350	Veillonella_parvula_ref	1332	0.98074	0.92342	60	NA	NA	confident
3954_2PJGZM_16	1549	Prevotella_melaninogenica_ref	1459	0.93157	0.94174	60	Bacteroides_thetaiotaomicron_ref	400	confident
3998_2PJGZM_16	1485	Bacteroides_thetaiotaomicron_ref	1474	0.97710	0.87992	60	Prevotella_melaninogenica_ref	200	confident
4006_2PJGZM_16	1530	Veillonella_parvula_ref	1416	0.92484	0.98588	60	NA	NA	confident
3968_2PJGZM_16	1532	Veillonella_parvula_ref	1485	0.96932	0.99057	60	NA	NA	confident
4027_2PJGZM_16	1487	Prevotella_melaninogenica_ref	1459	0.97243	0.96367	60	NA	NA	confident
4014_2PJGZM_16	1508	Veillonella_parvula_ref	1481	0.97878	0.99325	60	NA	NA	confident
4038_2PJGZM_16	1557	Veillonella_parvula_ref	1433	0.91073	0.90928	60	NA	NA	confident
3979_2PJGZM_16	1500	Bacteroides_thetaiotaomicron_ref	1407	0.92400	0.87207	0	Veillonella_parvula_ref	26	unassigned
4046_2PJGZM_16	1529	Veillonella_parvula_ref	1484	0.96926	0.99461	60	NA	NA	confident
4053_2PJGZM_16	1482	Prevotella_melaninogenica_ref	1448	0.97436	0.99309	60	NA	NA	confident
3986_2PJGZM_16	1493	Prevotella_melaninogenica_ref	1448	0.96785	0.95994	60	NA	NA	confident
4020_2PJGZM_16	1493	Prevotella_melaninogenica_ref	1448	0.96785	0.99448	60	NA	NA	confident
3962_2PJGZM_16	1517	Veillonella_parvula_ref	1483	0.97627	0.98989	60	NA	NA	confident
3996_2PJGZM_16	1497	Bacteroides_thetaiotaomicron_ref	1468	0.96794	0.92166	60	Prevotella_melaninogenica_ref	192	confident
4028_2PJGZM_16	1495	Prevotella_melaninogenica_ref	1447	0.96789	0.99447	60	NA	NA	confident
2663_2PJGZM_16	1526	Veillonella_parvula_ref	1482	0.96986	0.99325	60	NA	NA	confident
4041_2PJGZM_16	1493	Bacteroides_thetaiotaomicron_ref	1446	0.96785	0.99585	60	NA	NA	confident
2670_2PJGZM_16	1527	Veillonella_parvula_ref	1482	0.96922	0.99258	60	NA	NA	confident
4060_2PJGZM_16	1493	Bacteroides_thetaiotaomicron_ref	1448	0.96785	0.99586	60	NA	NA	confident
4005_2PJGZM_16	1526	Veillonella_parvula_ref	1481	0.96986	0.99527	60	NA	NA	confident
4049_2PJGZM_16	1479	Prevotella_melaninogenica_ref	1447	0.97769	0.99654	60	NA	NA	confident
3748_2PJGZM_16	1481	Prevotella_melaninogenica_ref	1458	0.97434	0.93278	60	Bacteroides_thetaiotaomicron_ref	290	confident
2677_2PJGZM_16	1495	Bacteroides_thetaiotaomicron_ref	1460	0.96789	0.94178	60	NA	NA	confident
2682_2PJGZM_16	1488	Fusobacterium_nucleatum_ref	1445	0.96774	0.98616	60	NA	NA	confident
4012_2PJGZM_16	1493	Bacteroides_thetaiotaomicron_ref	1447	0.96785	0.99447	60	NA	NA	confident
3976_2PJGZM_16	1511	Fusobacterium_nucleatum_ref	1367	0.90338	0.98903	60	NA	NA	confident
4059_2PJGZM_16	1482	Prevotella_melaninogenica_ref	1447	0.97638	0.99931	60	NA	NA	confident
3765_2PJGZM_16	1525	Veillonella_parvula_ref	1480	0.96918	0.99459	60	NA	NA	confident
4075_2PJGZM_16	1526	Veillonella_parvula_ref	1482	0.96986	0.99123	60	NA	NA	confident
3997_2PJGZM_16	1481	Bacteroides_thetaiotaomicron_ref	1453	0.97637	0.96421	60	NA	NA	confident
2694_2PJGZM_16	1368	Bacteroides_thetaiotaomicron_ref	1376	1.00000	0.98619	60	NA	NA	confident
4018_2PJGZM_16	1527	Veillonella_parvula_ref	1480	0.96922	0.99730	60	NA	NA	confident
4091_2PJGZM_16	1495	Prevotella_melaninogenica_ref	1449	0.96789	0.98965	60	NA	NA	confident
4016_2PJGZM_16	1494	Prevotella_melaninogenica_ref	1452	0.96787	0.98967	60	NA	NA	confident
2700_2PJGZM_16	1526	Veillonella_parvula_ref	1483	0.96920	0.99191	60	NA	NA	confident
4108_2PJGZM_16	1478	Prevotella_melaninogenica_ref	1447	0.97497	0.99309	60	NA	NA	confident
4024_2PJGZM_16	1209	Veillonella_parvula_ref	611	0.50538	0.99673	60	NA	NA	unassigned
4042_2PJGZM_16	1481	Prevotella_melaninogenica_ref	1448	0.97637	0.99309	60	NA	NA	confident
2711_2PJGZM_16	1482	Prevotella_melaninogenica_ref	1447	0.97638	0.99931	60	NA	NA	confident
4095_2PJGZM_16	1528	Veillonella_parvula_ref	1487	0.97251	0.98857	60	NA	NA	confident
4104_2PJGZM_16	1520	Prevotella_melaninogenica_ref	1451	0.95395	0.99586	60	NA	NA	confident
4050_2PJGZM_16	1492	Bacteroides_thetaiotaomicron_ref	1449	0.96783	0.97999	60	NA	NA	confident
4043_2PJGZM_16	1493	Bacteroides_thetaiotaomicron_ref	1447	0.96785	0.99447	60	NA	NA	confident
4141_2PJGZM_16	1525	Veillonella_parvula_ref	1481	0.96918	0.99257	60	NA	NA	confident
4051_2PJGZM_16	1523	Prevotella_melaninogenica_ref	1447	0.94747	0.99516	60	NA	NA	confident
4062_2PJGZM_16	1493	Prevotella_melaninogenica_ref	1456	0.96785	0.97871	60	NA	NA	confident
4157_2PJGZM_16	1494	Prevotella_melaninogenica_ref	1447	0.96787	0.99654	60	NA	NA	confident
4126_2PJGZM_16	1493	Bacteroides_thetaiotaomicron_ref	1446	0.96785	0.99931	60	NA	NA	confident
4072_2PJGZM_16	1491	Bacteroides_thetaiotaomicron_ref	1447	0.96781	0.99309	60	NA	NA	confident
3819_2PJGZM_16	1531	Veillonella_parvula_ref	1487	0.96930	0.98790	60	NA	NA	confident
4145_2PJGZM_16	1516	Veillonella_parvula_ref	1263	0.83113	0.98021	60	NA	NA	confident
2722_2PJGZM_16	1485	Bacteroides_thetaiotaomicron_ref	1450	0.96768	0.97448	60	NA	NA	confident
4163_2PJGZM_16	1485	Prevotella_melaninogenica_ref	1449	0.96768	0.97999	60	NA	NA	confident
3855_2PJGZM_16	1278	Veillonella_parvula_ref	1256	0.98122	0.99363	60	NA	NA	confident
4159_2PJGZM_16	1477	Bacteroides_thetaiotaomicron_ref	1449	0.97766	0.99103	60	NA	NA	confident
2732_2PJGZM_16	1533	Veillonella_parvula_ref	1489	0.96934	0.98724	60	NA	NA	confident
4164_2PJGZM_16	1493	Bacteroides_thetaiotaomicron_ref	1446	0.96785	0.99862	60	NA	NA	confident
4173_2PJGZM_16	1495	Prevotella_melaninogenica_ref	1447	0.96789	0.99724	60	NA	NA	confident
4183_2PJGZM_16	1526	Veillonella_parvula_ref	1481	0.96986	0.99730	60	NA	NA	confident
4195_2PJGZM_16	1494	Prevotella_melaninogenica_ref	1472	0.96921	0.91848	60	Bacteroides_thetaiotaomicron_ref	100	confident
4204_2PJGZM_16	1290	Bacteroides_thetaiotaomicron_ref	1277	0.97984	0.94205	60	NA	NA	confident
4118_2PJGZM_16	1547	Prevotella_melaninogenica_ref	1451	0.93665	0.99449	60	NA	NA	confident
2740_2PJGZM_16	1510	Veillonella_parvula_ref	1487	0.97152	0.97041	60	NA	NA	confident
4155_2PJGZM_16	1504	Veillonella_parvula_ref	1428	0.93218	0.91036	60	NA	NA	confident
4093_2PJGZM_16	1512	Veillonella_parvula_ref	1482	0.97884	0.99258	60	NA	NA	confident
3870_2PJGZM_16	1527	Veillonella_parvula_ref	1480	0.96922	0.99730	60	NA	NA	confident
4181_2PJGZM_16	1523	Veillonella_parvula_ref	1480	0.96914	0.99459	60	NA	NA	confident
4166_2PJGZM_16	1493	Bacteroides_thetaiotaomicron_ref	1447	0.96785	0.99585	60	NA	NA	confident
4175_2PJGZM_16	1498	Prevotella_melaninogenica_ref	1450	0.96796	0.97586	60	NA	NA	confident
4229_2PJGZM_16	1527	Veillonella_parvula_ref	1481	0.96922	0.99527	60	NA	NA	confident
4190_2PJGZM_16	1486	Bacteroides_thetaiotaomicron_ref	1448	0.96770	0.98688	60	NA	NA	confident
3914_2PJGZM_16	1476	Fusobacterium_nucleatum_ref	1386	0.92073	0.89250	60	NA	NA	confident
4199_2PJGZM_16	1483	Bacteroides_thetaiotaomicron_ref	1450	0.96831	0.97793	60	NA	NA	confident
4208_2PJGZM_16	1524	Veillonella_parvula_ref	1481	0.96916	0.99190	60	NA	NA	confident
4240_2PJGZM_16	1532	Veillonella_parvula_ref	1486	0.96932	0.98991	60	NA	NA	confident
4188_2PJGZM_16	1527	Veillonella_parvula_ref	1481	0.96922	0.99460	60	NA	NA	confident
4267_2PJGZM_16	1494	Prevotella_melaninogenica_ref	1443	0.95783	0.95495	60	NA	NA	confident
4205_2PJGZM_16	1496	Bacteroides_thetaiotaomicron_ref	1441	0.96123	0.99375	60	NA	NA	confident
4259_2PJGZM_16	1514	Prevotella_melaninogenica_ref	1480	0.95905	0.87568	60	NA	NA	confident
2764_2PJGZM_16	1495	Bacteroides_thetaiotaomicron_ref	1452	0.96789	0.97245	60	NA	NA	confident
4270_2PJGZM_16	1520	Veillonella_parvula_ref	1431	0.93684	0.93781	60	NA	NA	confident
4276_2PJGZM_16	1528	Veillonella_parvula_ref	1483	0.96924	0.98921	60	NA	NA	confident
4278_2PJGZM_16	1481	Bacteroides_thetaiotaomicron_ref	1446	0.96759	0.98824	60	NA	NA	confident
2776_2PJGZM_16	1514	Veillonella_parvula_ref	1481	0.96896	0.98042	60	NA	NA	confident
3932_2PJGZM_16	1495	Prevotella_melaninogenica_ref	1447	0.96722	0.99724	60	NA	NA	confident
4110_2PJGZM_16	1222	Veillonella_parvula_ref	1193	0.97136	0.97821	60	NA	NA	unassigned
4120_2PJGZM_16	1565	Prevotella_melaninogenica_ref	1449	0.92077	0.98551	60	NA	NA	confident
4225_2PJGZM_16	1522	Veillonella_parvula_ref	1481	0.96912	0.98987	60	NA	NA	confident
4233_2PJGZM_16	1508	Veillonella_parvula_ref	1286	0.83223	0.86470	58	Bacteroides_thetaiotaomicron_ref	54	confident
4138_2PJGZM_16	1497	Prevotella_melaninogenica_ref	1450	0.96794	0.99448	60	NA	NA	confident
2794_2PJGZM_16	1281	Veillonella_parvula_ref	618	0.48165	0.99838	60	NA	NA	unassigned
4297_2PJGZM_16	1478	Bacteroides_thetaiotaomicron_ref	1450	0.97767	0.98759	60	NA	NA	confident
3947_2PJGZM_16	1528	Veillonella_parvula_ref	1482	0.96924	0.99460	60	NA	NA	confident
4245_2PJGZM_16	1239	Prevotella_melaninogenica_ref	1220	0.98063	0.99016	60	NA	NA	confident
3966_2PJGZM_16	1523	Veillonella_parvula_ref	1480	0.96914	0.99730	60	NA	NA	confident
4308_2PJGZM_16	1505	Bacteroides_thetaiotaomicron_ref	1414	0.92425	0.87412	60	Veillonella_parvula_ref	196	confident
3973_2PJGZM_16	1244	Prevotella_melaninogenica_ref	1225	0.97990	0.98857	60	NA	NA	confident
4293_2PJGZM_16	1496	Bacteroides_thetaiotaomicron_ref	1446	0.96524	0.99793	60	NA	NA	confident
4302_2PJGZM_16	1494	Prevotella_melaninogenica_ref	1459	0.96787	0.94928	60	NA	NA	confident
4312_2PJGZM_16	1498	Prevotella_melaninogenica_ref	1449	0.96529	0.99172	60	NA	NA	confident
4320_2PJGZM_16	1232	Bacteroides_thetaiotaomicron_ref	641	0.51786	0.99064	60	Prevotella_melaninogenica_ref	348	unassigned
4323_2PJGZM_16	1494	Prevotella_melaninogenica_ref	1450	0.96787	0.95310	60	NA	NA	confident
4151_2PJGZM_16	1493	Prevotella_melaninogenica_ref	1457	0.96785	0.94921	60	NA	NA	confident
2808_2PJGZM_16	1486	Bacteroides_thetaiotaomicron_ref	1448	0.96770	0.98550	60	NA	NA	confident
3981_2PJGZM_16	1494	Prevotella_melaninogenica_ref	1447	0.96787	0.99862	60	NA	NA	confident
4176_2PJGZM_16	1521	NA	NA	NA	NA	NA	NA	NA	unassigned
4329_2PJGZM_16	1529	Veillonella_parvula_ref	1483	0.96926	0.99123	60	NA	NA	confident
3989_2PJGZM_16	1497	Prevotella_melaninogenica_ref	1450	0.96794	0.99586	60	NA	NA	confident
2822_2PJGZM_16	1496	Bacteroides_thetaiotaomicron_ref	1450	0.96791	0.98828	60	NA	NA	confident
2828_2PJGZM_16	1513	Veillonella_parvula_ref	1482	0.97885	0.99258	60	NA	NA	confident
4335_2PJGZM_16	1382	Prevotella_melaninogenica_ref	1371	0.98336	0.98249	60	NA	NA	confident
4268_2PJGZM_16	1494	Bacteroides_thetaiotaomicron_ref	1447	0.96787	0.99585	60	NA	NA	confident
4004_2PJGZM_16	1574	Prevotella_melaninogenica_ref	1448	0.91868	0.99517	60	NA	NA	confident
4275_2PJGZM_16	1531	Veillonella_parvula_ref	1484	0.96930	0.99528	60	NA	NA	confident
4343_2PJGZM_16	1494	Prevotella_melaninogenica_ref	1447	0.96787	0.99654	60	NA	NA	confident
2837_2PJGZM_16	1239	Prevotella_melaninogenica_ref	1216	0.98063	0.99753	60	NA	NA	confident
4362_2PJGZM_16	1524	Veillonella_parvula_ref	1480	0.96916	0.99257	60	NA	NA	confident
2842_2PJGZM_16	1525	Veillonella_parvula_ref	1481	0.96984	0.99122	60	NA	NA	confident
4372_2PJGZM_16	1496	Prevotella_melaninogenica_ref	1449	0.96791	0.98482	60	NA	NA	confident
4013_2PJGZM_16	1528	Veillonella_parvula_ref	1483	0.96990	0.99326	60	NA	NA	confident
4350_2PJGZM_16	1505	Prevotella_melaninogenica_ref	1458	0.96811	0.98422	60	NA	NA	confident
4294_2PJGZM_16	1495	Prevotella_melaninogenica_ref	1447	0.96789	0.99862	60	NA	NA	confident
4304_2PJGZM_16	1500	Bacteroides_thetaiotaomicron_ref	1451	0.95800	0.98001	60	NA	NA	confident
2853_2PJGZM_16	1404	Veillonella_parvula_ref	1379	0.98219	0.99565	60	NA	NA	confident
4026_2PJGZM_16	1494	Prevotella_melaninogenica_ref	1450	0.96787	0.98621	60	NA	NA	confident
4371_2PJGZM_16	1556	Veillonella_parvula_ref	1480	0.95116	1.00000	60	NA	NA	confident
4376_2PJGZM_16	1584	Prevotella_melaninogenica_ref	798	0.50063	0.92356	60	NA	NA	unassigned
4315_2PJGZM_16	1483	Prevotella_melaninogenica_ref	1447	0.97505	0.99793	60	NA	NA	confident
4386_2PJGZM_16	1494	Bacteroides_thetaiotaomicron_ref	1447	0.96787	0.99724	60	NA	NA	confident
4389_2PJGZM_16	1525	Veillonella_parvula_ref	1481	0.96918	0.99257	60	NA	NA	confident
4203_2PJGZM_16	1488	Prevotella_melaninogenica_ref	1440	0.95632	0.92361	60	Bacteroides_thetaiotaomicron_ref	174	confident
4214_2PJGZM_16	1494	Prevotella_melaninogenica_ref	1448	0.96787	0.99724	60	NA	NA	confident
4325_2PJGZM_16	1493	Prevotella_melaninogenica_ref	1451	0.96785	0.98484	60	NA	NA	confident
2859_2PJGZM_16	1491	Bacteroides_thetaiotaomicron_ref	1447	0.96781	0.98687	60	NA	NA	confident
2865_2PJGZM_16	1527	Veillonella_parvula_ref	1480	0.96922	1.00000	60	NA	NA	confident
4223_2PJGZM_16	1493	Prevotella_melaninogenica_ref	1461	0.96785	0.93224	59	NA	NA	confident
4408_2PJGZM_16	1528	Veillonella_parvula_ref	1482	0.96924	0.99325	60	NA	NA	confident
4238_2PJGZM_16	1528	Veillonella_parvula_ref	1481	0.96924	0.99257	60	NA	NA	confident
4336_2PJGZM_16	1484	Prevotella_melaninogenica_ref	1448	0.97507	0.99655	60	NA	NA	confident
4342_2PJGZM_16	1515	Bacteroides_thetaiotaomicron_ref	1259	0.82442	0.90310	60	Prevotella_melaninogenica_ref	322	confident
4398_2PJGZM_16	1498	Prevotella_melaninogenica_ref	1461	0.96796	0.95756	60	NA	NA	confident
2896_2PJGZM_16	1531	NA	NA	NA	NA	NA	NA	NA	unassigned
4039_2PJGZM_16	1523	Veillonella_parvula_ref	1483	0.96914	0.99123	60	NA	NA	confident
4048_2PJGZM_16	1529	Veillonella_parvula_ref	1481	0.96861	0.99122	60	NA	NA	confident
4054_2PJGZM_16	1494	Prevotella_melaninogenica_ref	1447	0.96854	0.99102	60	NA	NA	confident
4269_2PJGZM_16	1495	Prevotella_melaninogenica_ref	1447	0.96789	0.99793	60	NA	NA	confident
4277_2PJGZM_16	1265	Prevotella_melaninogenica_ref	1243	0.98182	0.99920	60	NA	NA	confident
4286_2PJGZM_16	1207	Veillonella_parvula_ref	1185	0.98094	0.99409	60	NA	NA	unassigned
4375_2PJGZM_16	1491	Prevotella_melaninogenica_ref	1457	0.96781	0.93617	60	Bacteroides_thetaiotaomicron_ref	284	confident
4065_2PJGZM_16	1485	Prevotella_melaninogenica_ref	1448	0.96768	0.98757	60	NA	NA	confident
4298_2PJGZM_16	1486	Veillonella_parvula_ref	1417	0.93338	0.94284	60	NA	NA	confident
4392_2PJGZM_16	1496	Prevotella_melaninogenica_ref	1411	0.93583	0.89582	49	NA	NA	confident
4406_2PJGZM_16	1577	Veillonella_parvula_ref	1438	0.89410	0.88108	60	Prevotella_melaninogenica_ref	294	confident
2909_2PJGZM_16	1484	Bacteroides_thetaiotaomicron_ref	1445	0.97170	0.99516	60	NA	NA	confident
4084_2PJGZM_16	1486	Prevotella_melaninogenica_ref	1449	0.97376	0.99379	60	NA	NA	confident
4310_2PJGZM_16	1292	Prevotella_melaninogenica_ref	1275	0.98142	0.93569	60	Bacteroides_thetaiotaomicron_ref	262	confident
4317_2PJGZM_16	1495	Prevotella_melaninogenica_ref	1447	0.96789	0.99862	60	NA	NA	confident
2928_2PJGZM_16	1517	Veillonella_parvula_ref	1420	0.93210	0.93803	60	NA	NA	confident
4103_2PJGZM_16	1522	Veillonella_parvula_ref	1427	0.93693	0.99439	60	NA	NA	confident
2939_2PJGZM_16	1511	Veillonella_parvula_ref	1480	0.97750	0.99392	60	NA	NA	confident
4115_2PJGZM_16	1510	Veillonella_parvula_ref	1417	0.92450	0.94989	60	NA	NA	confident
4124_2PJGZM_16	1494	Bacteroides_thetaiotaomicron_ref	1447	0.96653	0.99102	60	NA	NA	confident
2964_2PJGZM_16	1496	Prevotella_melaninogenica_ref	1463	0.96791	0.94395	60	NA	NA	confident
4358_2PJGZM_16	1534	Veillonella_parvula_ref	1483	0.96545	0.98449	60	NA	NA	confident
2976_2PJGZM_16	1531	Veillonella_parvula_ref	1485	0.96930	0.99057	60	NA	NA	confident
4134_2PJGZM_16	1492	Prevotella_melaninogenica_ref	1448	0.96783	0.99102	60	NA	NA	confident
4148_2PJGZM_16	1493	Prevotella_melaninogenica_ref	1448	0.96785	0.99517	60	NA	NA	confident
4189_2PJGZM_16	1528	Veillonella_parvula_ref	1483	0.96924	0.99191	60	NA	NA	confident
4394_2PJGZM_16	1496	Bacteroides_thetaiotaomicron_ref	1458	0.96791	0.92730	60	Prevotella_melaninogenica_ref	138	confident
2991_2PJGZM_16	1509	Bacteroides_thetaiotaomicron_ref	1240	0.81047	0.93629	60	NA	NA	confident
3000_2PJGZM_16	1495	Prevotella_melaninogenica_ref	1447	0.96789	0.99862	60	NA	NA	confident
4206_2PJGZM_16	1496	Prevotella_melaninogenica_ref	1448	0.96791	0.99862	60	NA	NA	confident
4210_2PJGZM_16	1526	Veillonella_parvula_ref	1484	0.96920	0.99191	60	NA	NA	confident
3017_2PJGZM_16	1498	Bacteroides_thetaiotaomicron_ref	1453	0.96796	0.99174	60	NA	NA	confident
3032_2PJGZM_16	1492	Prevotella_melaninogenica_ref	1460	0.96783	0.95685	60	NA	NA	confident
3041_2PJGZM_16	1497	Prevotella_melaninogenica_ref	1449	0.96794	0.99724	60	NA	NA	confident
4224_2PJGZM_16	1526	Veillonella_parvula_ref	1480	0.96920	0.99324	60	NA	NA	confident
3046_2PJGZM_16	1505	Bacteroides_thetaiotaomicron_ref	1399	0.92425	0.93853	60	NA	NA	confident
3051_2PJGZM_16	1506	Bacteroides_thetaiotaomicron_ref	1253	0.82470	0.93456	60	Prevotella_melaninogenica_ref	234	confident
4236_2PJGZM_16	1509	Veillonella_parvula_ref	1432	0.93174	0.90852	60	NA	NA	confident
3056_2PJGZM_16	1517	Veillonella_parvula_ref	1274	0.83454	0.97253	60	NA	NA	confident
3063_2PJGZM_16	1480	Prevotella_melaninogenica_ref	1448	0.97838	0.99517	60	NA	NA	confident
3065_2PJGZM_16	1492	Bacteroides_thetaiotaomicron_ref	1450	0.96783	0.98345	60	NA	NA	confident
3070_2PJGZM_16	1278	Bacteroides_thetaiotaomicron_ref	1218	0.94757	0.94007	60	NA	NA	confident
3075_2PJGZM_16	1496	Prevotella_melaninogenica_ref	1448	0.96791	0.99655	60	NA	NA	confident
3086_2PJGZM_16	1529	Veillonella_parvula_ref	1486	0.96926	0.98856	60	NA	NA	confident
3093_2PJGZM_16	1528	Veillonella_parvula_ref	1482	0.96924	0.99460	60	NA	NA	confident
4246_2PJGZM_16	1528	Veillonella_parvula_ref	1482	0.96924	0.99528	60	NA	NA	confident
3107_2PJGZM_16	1528	Veillonella_parvula_ref	1484	0.96990	0.98989	60	NA	NA	confident
4266_2PJGZM_16	1501	Prevotella_melaninogenica_ref	1447	0.96336	0.99654	60	NA	NA	confident
3115_2PJGZM_16	1466	Bacteroides_thetaiotaomicron_ref	1444	0.98363	0.99446	60	NA	NA	confident
4279_2PJGZM_16	1499	Prevotella_melaninogenica_ref	1447	0.96531	0.98963	60	NA	NA	confident
3119_2PJGZM_16	1531	Veillonella_parvula_ref	1485	0.96930	0.99327	60	NA	NA	confident
4284_2PJGZM_16	1526	Veillonella_parvula_ref	1483	0.96920	0.99191	60	NA	NA	confident
3125_2PJGZM_16	1524	Veillonella_parvula_ref	1480	0.96916	0.99527	60	NA	NA	confident
4300_2PJGZM_16	1495	Prevotella_melaninogenica_ref	1447	0.96589	0.99585	60	NA	NA	confident
3131_2PJGZM_16	1495	Prevotella_melaninogenica_ref	1448	0.96789	0.99655	60	NA	NA	confident
3137_2PJGZM_16	1406	Veillonella_parvula_ref	724	0.51422	0.99586	60	NA	NA	unassigned
3142_2PJGZM_16	1525	Veillonella_parvula_ref	1481	0.96918	0.98650	60	NA	NA	confident
4318_2PJGZM_16	1484	Bacteroides_thetaiotaomicron_ref	1448	0.97507	0.99102	60	NA	NA	confident
4333_2PJGZM_16	1494	Prevotella_melaninogenica_ref	1448	0.96787	0.99378	60	NA	NA	confident
4341_2PJGZM_16	1491	Prevotella_melaninogenica_ref	1451	0.96781	0.99035	60	NA	NA	confident
3151_2PJGZM_16	1491	Prevotella_melaninogenica_ref	1452	0.96915	0.98209	60	NA	NA	confident
3161_2PJGZM_16	1496	Prevotella_melaninogenica_ref	1461	0.96791	0.92060	53	Bacteroides_thetaiotaomicron_ref	92	confident
4366_2PJGZM_16	1529	Veillonella_parvula_ref	1482	0.96926	0.99123	60	NA	NA	confident
3190_2PJGZM_16	1479	Prevotella_melaninogenica_ref	1447	0.97498	0.99516	60	NA	NA	confident
4382_2PJGZM_16	1495	Prevotella_melaninogenica_ref	1447	0.96789	0.99862	60	NA	NA	confident
4393_2PJGZM_16	1488	Prevotella_melaninogenica_ref	1466	0.96774	0.92838	60	NA	NA	confident
4404_2PJGZM_16	1499	Prevotella_melaninogenica_ref	1467	0.96731	0.92365	60	Bacteroides_thetaiotaomicron_ref	182	confident
3198_2PJGZM_16	1328	NA	NA	NA	NA	NA	NA	NA	unassigned
3202_2PJGZM_16	1499	Veillonella_parvula_ref	1478	0.98399	0.99323	60	NA	NA	confident
3208_2PJGZM_16	1485	Bacteroides_thetaiotaomicron_ref	1448	0.96768	0.98273	60	NA	NA	confident
4411_2PJGZM_16	1497	Prevotella_melaninogenica_ref	1447	0.96660	0.99654	60	NA	NA	confident
3216_2PJGZM_16	1526	Veillonella_parvula_ref	1480	0.96920	0.99797	60	NA	NA	confident
3224_2PJGZM_16	1527	Veillonella_parvula_ref	1483	0.97053	0.99258	60	NA	NA	confident
3234_2PJGZM_16	1529	Veillonella_parvula_ref	1483	0.96926	0.99461	60	NA	NA	confident
3244_2PJGZM_16	1495	Prevotella_melaninogenica_ref	1449	0.96789	0.99379	60	NA	NA	confident
3253_2PJGZM_16	1499	Bacteroides_thetaiotaomicron_ref	1393	0.92528	0.93467	60	NA	NA	confident
3256_2PJGZM_16	1493	Bacteroides_thetaiotaomicron_ref	1446	0.96785	0.99793	60	NA	NA	confident
3266_2PJGZM_16	1529	Veillonella_parvula_ref	1481	0.96861	0.99392	60	NA	NA	confident
3277_2PJGZM_16	1494	Prevotella_melaninogenica_ref	1447	0.96787	0.99724	60	NA	NA	confident
3283_2PJGZM_16	1249	Prevotella_melaninogenica_ref	1230	0.98159	0.99512	60	NA	NA	confident
3308_2PJGZM_16	1489	Bacteroides_thetaiotaomicron_ref	1447	0.96776	0.99032	60	NA	NA	confident
3326_2PJGZM_16	1494	Bacteroides_thetaiotaomicron_ref	1449	0.95850	0.92271	60	Prevotella_melaninogenica_ref	84	confident
3335_2PJGZM_16	1491	Prevotella_melaninogenica_ref	1404	0.93628	0.93661	60	NA	NA	confident
3346_2PJGZM_16	1521	Veillonella_parvula_ref	1484	0.96910	0.98720	60	NA	NA	confident
3359_2PJGZM_16	1528	Veillonella_parvula_ref	1483	0.96924	0.99528	60	NA	NA	confident
3381_2PJGZM_16	1526	Veillonella_parvula_ref	1427	0.93447	0.99720	60	NA	NA	confident
3385_2PJGZM_16	1492	Bacteroides_thetaiotaomicron_ref	1448	0.96783	0.95304	60	Prevotella_melaninogenica_ref	528	confident
3397_2PJGZM_16	1495	Prevotella_melaninogenica_ref	1448	0.96789	0.99655	60	NA	NA	confident
3412_2PJGZM_16	1491	Bacteroides_thetaiotaomicron_ref	1463	0.96781	0.92960	60	NA	NA	confident
3425_2PJGZM_16	1529	Veillonella_parvula_ref	1482	0.96926	0.99595	60	NA	NA	confident
3454_2PJGZM_16	1484	Bacteroides_thetaiotaomicron_ref	1453	0.96765	0.96421	60	NA	NA	confident
3467_2PJGZM_16	1459	Bacteroides_thetaiotaomicron_ref	1461	0.98355	0.94798	60	NA	NA	confident
3475_2PJGZM_16	1529	Veillonella_parvula_ref	1483	0.96926	0.99528	60	NA	NA	confident
3484_2PJGZM_16	1501	Prevotella_melaninogenica_ref	1402	0.92738	0.96862	60	NA	NA	confident
3499_2PJGZM_16	1527	Veillonella_parvula_ref	1480	0.96922	0.99865	60	NA	NA	confident
3509_2PJGZM_16	1510	Veillonella_parvula_ref	1438	0.93642	0.87622	60	Prevotella_melaninogenica_ref	262	confident
3520_2PJGZM_16	1525	Veillonella_parvula_ref	1482	0.96918	0.98920	60	NA	NA	confident
3543_2PJGZM_16	1494	Prevotella_melaninogenica_ref	1449	0.96787	0.98896	60	NA	NA	confident
3551_2PJGZM_16	1523	Veillonella_parvula_ref	1481	0.96914	0.99122	60	NA	NA	confident
3562_2PJGZM_16	1527	Veillonella_parvula_ref	1480	0.96922	0.99122	60	NA	NA	confident
3569_2PJGZM_16	1497	Prevotella_melaninogenica_ref	1457	0.96794	0.95333	60	NA	NA	confident
3577_2PJGZM_16	1517	Veillonella_parvula_ref	1484	0.96902	0.97776	60	NA	NA	confident
3588_2PJGZM_16	1494	Prevotella_melaninogenica_ref	1458	0.96787	0.94856	60	NA	NA	confident
3595_2PJGZM_16	1422	Veillonella_parvula_ref	725	0.50563	0.98069	60	NA	NA	unassigned
3601_2PJGZM_16	1523	Veillonella_parvula_ref	1480	0.96914	0.99392	60	NA	NA	confident
3612_2PJGZM_16	1516	Veillonella_parvula_ref	1425	0.93799	0.98947	60	NA	NA	confident
3620_2PJGZM_16	1496	Prevotella_melaninogenica_ref	1410	0.92914	0.90709	60	NA	NA	confident
3626_2PJGZM_16	1530	Veillonella_parvula_ref	1493	0.96928	0.96115	60	NA	NA	confident
3635_2PJGZM_16	1481	Prevotella_melaninogenica_ref	1456	0.97637	0.94368	60	Bacteroides_thetaiotaomicron_ref	430	confident
3640_2PJGZM_16	1495	Bacteroides_thetaiotaomicron_ref	1460	0.96789	0.93082	60	Prevotella_melaninogenica_ref	226	confident
3656_2PJGZM_16	1494	Bacteroides_thetaiotaomicron_ref	1450	0.96921	0.99448	60	NA	NA	confident
3664_2PJGZM_16	1488	Bacteroides_thetaiotaomicron_ref	1461	0.96774	0.93361	60	NA	NA	confident
3677_2PJGZM_16	1524	Veillonella_parvula_ref	1480	0.96916	0.99595	60	NA	NA	confident
3683_2PJGZM_16	1529	Veillonella_parvula_ref	1483	0.96926	0.99461	60	NA	NA	confident
3689_2PJGZM_16	1259	Prevotella_melaninogenica_ref	1236	0.98094	0.99757	60	NA	NA	confident
3719_2PJGZM_16	1479	Bacteroides_thetaiotaomicron_ref	1456	0.97634	0.95810	60	NA	NA	confident
3727_2PJGZM_16	1479	Bacteroides_thetaiotaomicron_ref	1460	0.97836	0.95068	60	NA	NA	confident
3735_2PJGZM_16	1361	Veillonella_parvula_ref	682	0.50037	0.98974	60	NA	NA	unassigned
3744_2PJGZM_16	1526	Veillonella_parvula_ref	1478	0.96527	0.98917	60	NA	NA	confident
3750_2PJGZM_16	1495	Prevotella_melaninogenica_ref	1458	0.96789	0.95336	60	NA	NA	confident
3764_2PJGZM_16	1527	Veillonella_parvula_ref	1484	0.96922	0.98989	60	NA	NA	confident
3775_2PJGZM_16	1527	Veillonella_parvula_ref	1482	0.96922	0.99123	60	NA	NA	confident
3786_2PJGZM_16	1516	Veillonella_parvula_ref	1484	0.97296	0.98450	60	NA	NA	confident
3795_2PJGZM_16	1495	Bacteroides_thetaiotaomicron_ref	1447	0.96589	0.99516	60	NA	NA	confident
3813_2PJGZM_16	1514	Veillonella_parvula_ref	1481	0.97820	0.99392	60	NA	NA	confident
3821_2PJGZM_16	1487	Prevotella_melaninogenica_ref	1447	0.96772	0.99171	60	NA	NA	confident
3829_2PJGZM_16	1229	NA	NA	NA	NA	NA	NA	NA	unassigned
3834_2PJGZM_16	1485	Bacteroides_thetaiotaomicron_ref	1446	0.96902	0.98755	60	NA	NA	confident
3844_2PJGZM_16	1495	Bacteroides_thetaiotaomicron_ref	1461	0.96789	0.93018	60	NA	NA	confident
3858_2PJGZM_16	1488	Bacteroides_thetaiotaomicron_ref	1450	0.96774	0.97448	60	NA	NA	confident
3864_2PJGZM_16	1493	Bacteroides_thetaiotaomicron_ref	1458	0.96785	0.96228	60	NA	NA	confident
3891_2PJGZM_16	1503	Veillonella_parvula_ref	1284	0.83367	0.86137	60	Prevotella_melaninogenica_ref	84	confident
3948_2PJGZM_16	1488	Bacteroides_thetaiotaomicron_ref	1449	0.96774	0.98620	60	NA	NA	confident
3967_2PJGZM_16	1494	Prevotella_melaninogenica_ref	1450	0.96787	0.99310	60	NA	NA	confident
3974_2PJGZM_16	1490	Prevotella_melaninogenica_ref	1397	0.93691	0.99714	60	NA	NA	confident
3984_2PJGZM_16	1516	Veillonella_parvula_ref	1425	0.93668	0.98386	60	NA	NA	confident
3993_2PJGZM_16	1502	Bacteroides_thetaiotaomicron_ref	1449	0.96338	0.99517	60	NA	NA	confident
4003_2PJGZM_16	1492	Bacteroides_thetaiotaomicron_ref	1446	0.96783	0.99378	60	NA	NA	confident
4007_2PJGZM_16	1231	Bacteroides_thetaiotaomicron_ref	1224	0.97969	0.96160	60	NA	NA	confident
4011_2PJGZM_16	1533	Veillonella_parvula_ref	1489	0.96934	0.98724	60	NA	NA	confident
4017_2PJGZM_16	1494	Prevotella_melaninogenica_ref	1447	0.96787	0.99585	60	NA	NA	confident
4025_2PJGZM_16	1206	Prevotella_melaninogenica_ref	1178	0.97595	0.99151	60	NA	NA	unassigned
4035_2PJGZM_16	1527	Veillonella_parvula_ref	1481	0.96922	0.99595	60	NA	NA	confident
4047_2PJGZM_16	1490	Bacteroides_thetaiotaomicron_ref	1448	0.96309	0.98481	60	NA	NA	confident
4052_2PJGZM_16	1495	Prevotella_melaninogenica_ref	1447	0.96789	0.99931	60	NA	NA	confident
4066_2PJGZM_16	1505	Veillonella_parvula_ref	1424	0.94020	0.91784	60	NA	NA	confident
4071_2PJGZM_16	1474	Bacteroides_thetaiotaomicron_ref	1449	0.97626	0.98551	60	NA	NA	confident
4080_2PJGZM_16	1473	Prevotella_melaninogenica_ref	1451	0.98303	0.97174	60	NA	NA	confident
4092_2PJGZM_16	1523	Veillonella_parvula_ref	1475	0.96651	0.99119	60	NA	NA	confident
4096_2PJGZM_16	1492	Prevotella_melaninogenica_ref	1449	0.96783	0.99310	60	NA	NA	confident
4102_2PJGZM_16	1219	Veillonella_parvula_ref	643	0.52584	0.97978	60	NA	NA	unassigned
4109_2PJGZM_16	1491	Prevotella_melaninogenica_ref	1449	0.96781	0.98551	60	NA	NA	confident
4114_2PJGZM_16	1494	Veillonella_parvula_ref	1435	0.94110	0.85993	0	Prevotella_melaninogenica_ref	42	unassigned
4119_2PJGZM_16	1527	Veillonella_parvula_ref	1481	0.96922	0.99392	60	NA	NA	confident
4139_2PJGZM_16	1499	Bacteroides_thetaiotaomicron_ref	1462	0.96598	0.94528	60	NA	NA	confident
4144_2PJGZM_16	1526	Veillonella_parvula_ref	1481	0.96920	0.99527	60	NA	NA	confident
4156_2PJGZM_16	1527	Veillonella_parvula_ref	1480	0.96922	0.99662	60	NA	NA	confident
4171_2PJGZM_16	1515	Veillonella_parvula_ref	1262	0.83234	0.99683	60	NA	NA	confident
4180_2PJGZM_16	1504	Prevotella_melaninogenica_ref	1411	0.92886	0.90361	60	NA	NA	confident
4185_2PJGZM_16	1431	Prevotella_melaninogenica_ref	1406	0.98253	0.99929	60	NA	NA	confident
4194_2PJGZM_16	1476	Prevotella_melaninogenica_ref	1447	0.97561	0.99032	60	NA	NA	confident
4200_2PJGZM_16	1516	Veillonella_parvula_ref	1267	0.83245	0.95659	60	NA	NA	confident
4207_2PJGZM_16	1496	Prevotella_melaninogenica_ref	1460	0.96725	0.96027	60	NA	NA	confident
4220_2PJGZM_16	1228	Prevotella_melaninogenica_ref	621	0.50570	0.99195	60	NA	NA	unassigned
4237_2PJGZM_16	1482	Bacteroides_thetaiotaomicron_ref	1450	0.97638	0.96966	60	NA	NA	confident
4247_2PJGZM_16	1526	Veillonella_parvula_ref	1481	0.96920	0.99325	60	NA	NA	confident
4261_2PJGZM_16	1528	Veillonella_parvula_ref	1482	0.96924	0.99460	60	NA	NA	confident
4272_2PJGZM_16	1497	Prevotella_melaninogenica_ref	1453	0.96794	0.96903	60	NA	NA	confident
4283_2PJGZM_16	1429	Veillonella_parvula_ref	1407	0.98390	0.99716	60	NA	NA	confident
4296_2PJGZM_16	1488	Bacteroides_thetaiotaomicron_ref	1446	0.96774	0.99378	60	NA	NA	confident
4305_2PJGZM_16	1518	Veillonella_parvula_ref	1483	0.97694	0.99730	60	NA	NA	confident
4319_2PJGZM_16	1486	Prevotella_melaninogenica_ref	1460	0.96770	0.94521	60	NA	NA	confident
4326_2PJGZM_16	1481	Prevotella_melaninogenica_ref	1450	0.97502	0.97655	60	NA	NA	confident
4331_2PJGZM_16	1528	Veillonella_parvula_ref	1482	0.96924	0.99528	60	NA	NA	confident
4339_2PJGZM_16	1219	Veillonella_parvula_ref	1197	0.98195	0.98830	60	NA	NA	unassigned
4345_2PJGZM_16	1508	Veillonella_parvula_ref	1488	0.96684	0.92204	60	NA	NA	confident
4369_2PJGZM_16	1499	Prevotella_melaninogenica_ref	1453	0.96798	0.99381	60	NA	NA	confident
4391_2PJGZM_16	1488	Prevotella_melaninogenica_ref	1460	0.96774	0.91986	60	Bacteroides_thetaiotaomicron_ref	74	confident
4396_2PJGZM_16	1496	Prevotella_melaninogenica_ref	1451	0.96791	0.99104	60	NA	NA	confident
4402_2PJGZM_16	1494	Prevotella_melaninogenica_ref	1447	0.96854	0.99654	60	NA	NA	confident
4410_2PJGZM_16	1535	Veillonella_parvula_ref	1488	0.96938	0.98992	60	NA	NA	confident
